term,count_SI,count_SFI,log_odds_SI_minus_SFI,z
strategy,518,231,0.9887711841559774,12.497799586150311
following,81,16,1.7750754095054475,6.4900965041252086
self-interest,65,4,2.9388654148147424,5.711556665667211
follow,262,177,0.5504944955833615,5.65807451528294
significant,66,18,1.4508354773037855,5.457434738916068
payoff,129,67,0.8092161363230392,5.373977434305612
maximize,85,36,1.011301428689471,5.086260685534997
cumulative,76,31,1.048388629668196,4.920124339289039
emissions,29,6,1.7233712857711811,3.845314646357761
considering,93,59,0.6060889080918379,3.641779119893817
framework,24,3,2.2254327263937066,3.63957879288304
selfish-institution,21,2,2.495542271909054,3.380051566891815
penalized,29,12,1.030514630153089,3.003320647959646
chosen,70,46,0.5696230838384864,3.001423686469422
selfish,18,4,1.6503198465764992,2.9887425590744243
substantial,19,5,1.4817275874315268,2.950473964273788
higher,21,7,1.2458880029133805,2.8563865116183993
reward,63,42,0.5548554141431996,2.785639433784377
selfish-institutional,19,6,1.29964848783138,2.7772216845620985
reduction,19,6,1.29964848783138,2.7772216845620985
typical,22,9,1.04131314817654,2.632890952242489
individualism,12,1,2.6236161371353743,2.5323690202603775
free-riders,10,2,1.752977283160666,2.2679794844434893
between,19,9,0.8944673174106725,2.211484323411623
aligning,8,1,2.218148933028613,2.100701660660427
top,8,1,2.218148933028613,2.100701660660427
maximizing,13,5,1.1018528358059303,2.095577426644917
maintaining,10,3,1.3490816847583789,2.0522631198334977
mcpr,118,105,0.2662624116873342,1.984781439497008
choosing,16,8,0.8401362959540961,1.9412218462921769
within,8,2,1.5298743082411406,1.9392606153124552
public,6,1,1.9306738215543087,1.7953051419451869
amount,191,185,0.18190280685804794,1.763435509907126
benefits,7,2,1.3964166932714992,1.7452948244176054
account,8,3,1.1259787098388543,1.665477950865461
historical,31,23,0.4462100957087607,1.6217029050946452
global,5,1,1.7485804550269917,1.6031232912969682
demonstrate,5,1,1.7485804550269917,1.6031232912969682
used,5,1,1.7485804550269917,1.6031232912969682
inclusion,5,1,1.7485804550269917,1.6031232912969682
avoid,14,8,0.7064848553173686,1.5948855557308503
maximum,22,15,0.5303896592820099,1.5844451463441198
individual,10,5,0.8394053405630384,1.5338138793425076
return,17,11,0.5824447428511412,1.5057971835283637
marginal,17,11,0.5824447428511412,1.5057971835283637
high,445,470,0.09628191613241377,1.455686537429786
unit,12,7,0.6856872433522287,1.4426179319555055
current,14,9,0.5887502541770306,1.3786686848586902
optimal,8,4,0.8390372974243707,1.371568420856432
optimizing,8,4,0.8390372974243707,1.371568420856432
gain,4,1,1.5258312590977434,1.3705267688114493
good,4,1,1.5258312590977434,1.3705267688114493
commitment,4,1,1.5258312590977434,1.3705267688114493
set,4,1,1.5258312590977434,1.3705267688114493
players,4,1,1.5258312590977434,1.3705267688114493
per,15,10,0.5524603505271788,1.3538322234734368
requires,5,2,1.0603058302395194,1.2699291292449144
allowed,5,2,1.0603058302395194,1.2699291292449144
align,11,7,0.59864695931382,1.2389279654975265
index,6,3,0.8385035983645501,1.187468630692971
reputation,7,4,0.7055796824547294,1.1269028171777826
payoffs,21,17,0.3585211060638027,1.0991927477233567
seen,8,5,0.6163023656435129,1.0819905398055913
like,3,1,1.2388755853128348,1.077354431713279
high-contributor,3,1,1.2388755853128348,1.077354431713279
fund,3,1,1.2388755853128348,1.077354431713279
leveraging,3,1,1.2388755853128348,1.077354431713279
likely,3,1,1.2388755853128348,1.077354431713279
indicate,3,1,1.2388755853128348,1.077354431713279
incentive,3,1,1.2388755853128348,1.077354431713279
developed,366,0,10.69348078376835,1.069333470494993
binding,360,0,10.67630039000194,1.0676152115259872
treaty,360,0,10.67630039000194,1.0676152115259872
previous,86,86,0.14789858459554317,0.9698922604842888
patterns,4,2,0.8375566343102712,0.9691391822452654
strategies,4,2,0.8375566343102712,0.9691391822452654
free-rider,4,2,0.8375566343102712,0.9691391822452654
beliefs,16,13,0.3546572299621449,0.9501549339527191
group,46,44,0.1919441812681395,0.910347591955227
decision,5,3,0.6564102318372331,0.9000989780532054
usd,6,4,0.5515621859500666,0.8554015752127387
credibility,32,0,8.22122987179231,0.8219946006730716
rounds,25,23,0.23054743035902447,0.7981129605159204
billion,20,0,7.750156575462966,0.7748220730153521
wealth,12,10,0.3291694792690514,0.7691294583898809
approach,10,0,7.056462650217692,0.7052940582291655
advantage,9,0,6.951108551706894,0.6947254318778628
incentivized,2,1,0.8349657283172771,0.6845795066344023
experience,2,1,0.8349657283172771,0.6845795066344023
endowment,2,1,0.8349657283172771,0.6845795066344023
typically,2,1,0.8349657283172771,0.6845795066344023
exceptions,2,1,0.8349657283172771,0.6845795066344023
trends,2,1,0.8349657283172771,0.6845795066344023
stage,8,0,6.8333596752981665,0.6829098147178482
self-interested,7,0,6.699902060328525,0.6695128349668779
incentivization,7,0,6.699902060328525,0.6695128349668779
incentivizing,7,0,6.699902060328525,0.6695128349668779
contribution,556,621,0.03828584339119523,0.6557478802313303
stability,6,0,6.545884563823862,0.6540445522947974
support,5,0,6.363791197296545,0.6357449600108748
defectors,20,19,0.19830555623859958,0.6191642219027176
environment,4,0,6.141042001367297,0.6133399133438434
increase,4,0,6.141042001367297,0.6133399133438434
maintains,4,0,6.141042001367297,0.6133399133438434
show,4,0,6.141042001367297,0.6133399133438434
close,4,0,6.141042001367297,0.6133399133438434
emerging,4,0,6.141042001367297,0.6133399133438434
strict,4,0,6.141042001367297,0.6133399133438434
social,3,2,0.5506009605253634,0.6044583518217481
previous-round,3,2,0.5506009605253634,0.6044583518217481
expected,3,2,0.5506009605253634,0.6044583518217481
max,3,2,0.5506009605253634,0.6044583518217481
internal,18,17,0.20413569154801792,0.6037677153573031
data,17,16,0.20758350966607786,0.5961453197276447
part,3,0,5.854086327582389,0.5844386095023582
example,3,0,5.854086327582389,0.5844386095023582
initial,3,0,5.854086327582389,0.5844386095023582
capacity,3,0,5.854086327582389,0.5844386095023582
different,3,0,5.854086327582389,0.5844386095023582
fact,3,0,5.854086327582389,0.5844386095023582
maximal,3,0,5.854086327582389,0.5844386095023582
aiming,4,3,0.4336610359079849,0.568639836086039
prior,4,3,0.4336610359079849,0.568639836086039
card,4,3,0.4336610359079849,0.568639836086039
costs,4,3,0.4336610359079849,0.568639836086039
similar,5,4,0.36946881942274956,0.5513984911196043
punishment,5,4,0.36946881942274956,0.5513984911196043
directly,2,0,5.450176470586832,0.5436669197105292
reduce,2,0,5.450176470586832,0.5436669197105292
simple,2,0,5.450176470586832,0.5436669197105292
deviated,2,0,5.450176470586832,0.5436669197105292
simple-folk-institution,2,0,5.450176470586832,0.5436669197105292
goods,2,0,5.450176470586832,0.5436669197105292
suggest,2,0,5.450176470586832,0.5436669197105292
detected,2,0,5.450176470586832,0.5436669197105292
dominating,2,0,5.450176470586832,0.5436669197105292
effort,2,0,5.450176470586832,0.5436669197105292
similarly,2,0,5.450176470586832,0.5436669197105292
goal,2,0,5.450176470586832,0.5436669197105292
optimize,2,0,5.450176470586832,0.5436669197105292
negative,2,0,5.450176470586832,0.5436669197105292
exploit,2,0,5.450176470586832,0.5436669197105292
game,2,0,5.450176470586832,0.5436669197105292
fair,2,0,5.450176470586832,0.5436669197105292
preserving,2,0,5.450176470586832,0.5436669197105292
deviations,2,0,5.450176470586832,0.5436669197105292
maximally,2,0,5.450176470586832,0.5436669197105292
playing,2,0,5.450176470586832,0.5436669197105292
want,2,0,5.450176470586832,0.5436669197105292
starting,2,0,5.450176470586832,0.5436669197105292
identified,2,0,5.450176470586832,0.5436669197105292
funding,1,0,4.761887589982432,0.47384875093534856
behaviors,1,0,4.761887589982432,0.47384875093534856
start,1,0,4.761887589982432,0.47384875093534856
unlikely,1,0,4.761887589982432,0.47384875093534856
come,1,0,4.761887589982432,0.47384875093534856
scenario,1,0,4.761887589982432,0.47384875093534856
portion,1,0,4.761887589982432,0.47384875093534856
overexertion,1,0,4.761887589982432,0.47384875093534856
room,1,0,4.761887589982432,0.47384875093534856
exploring,1,0,4.761887589982432,0.47384875093534856
instances,1,0,4.761887589982432,0.47384875093534856
wasting,1,0,4.761887589982432,0.47384875093534856
nearly,1,0,4.761887589982432,0.47384875093534856
overburdening,1,0,4.761887589982432,0.47384875093534856
earn,1,0,4.761887589982432,0.47384875093534856
perceived,1,0,4.761887589982432,0.47384875093534856
affects,1,0,4.761887589982432,0.47384875093534856
1-11,1,0,4.761887589982432,0.47384875093534856
inspection,1,0,4.761887589982432,0.47384875093534856
earnings,1,0,4.761887589982432,0.47384875093534856
chances,1,0,4.761887589982432,0.47384875093534856
through,1,0,4.761887589982432,0.47384875093534856
trustworthy,1,0,4.761887589982432,0.47384875093534856
packages,1,0,4.761887589982432,0.47384875093534856
threshold,1,0,4.761887589982432,0.47384875093534856
stand,1,0,4.761887589982432,0.47384875093534856
aid,1,0,4.761887589982432,0.47384875093534856
mix,1,0,4.761887589982432,0.47384875093534856
multiplier,1,0,4.761887589982432,0.47384875093534856
rate,1,0,4.761887589982432,0.47384875093534856
sufficient,1,0,4.761887589982432,0.47384875093534856
near,1,0,4.761887589982432,0.47384875093534856
staying,1,0,4.761887589982432,0.47384875093534856
desire,1,0,4.761887589982432,0.47384875093534856
leaves,1,0,4.761887589982432,0.47384875093534856
selfless-framework-institutional,1,0,4.761887589982432,0.47384875093534856
commitments,1,0,4.761887589982432,0.47384875093534856
matches,1,0,4.761887589982432,0.47384875093534856
unknown,1,0,4.761887589982432,0.47384875093534856
mcpr-maximizing,1,0,4.761887589982432,0.47384875093534856
point,1,0,4.761887589982432,0.47384875093534856
subsequent,1,0,4.761887589982432,0.47384875093534856
medium,1,0,4.761887589982432,0.47384875093534856
observing,1,0,4.761887589982432,0.47384875093534856
shift,1,0,4.761887589982432,0.47384875093534856
remain,1,0,4.761887589982432,0.47384875093534856
damage,1,0,4.761887589982432,0.47384875093534856
multiple,1,0,4.761887589982432,0.47384875093534856
supporting,1,0,4.761887589982432,0.47384875093534856
effects,1,0,4.761887589982432,0.47384875093534856
played,1,0,4.761887589982432,0.47384875093534856
system,1,0,4.761887589982432,0.47384875093534856
investment,1,0,4.761887589982432,0.47384875093534856
beneficial,1,0,4.761887589982432,0.47384875093534856
taken,1,0,4.761887589982432,0.47384875093534856
reducing,1,0,4.761887589982432,0.47384875093534856
yet,1,0,4.761887589982432,0.47384875093534856
single,1,0,4.761887589982432,0.47384875093534856
entire,1,0,4.761887589982432,0.47384875093534856
receiving,1,0,4.761887589982432,0.47384875093534856
importance,1,0,4.761887589982432,0.47384875093534856
vulnerable,1,0,4.761887589982432,0.47384875093534856
towards,1,0,4.761887589982432,0.47384875093534856
interaction,1,0,4.761887589982432,0.47384875093534856
showing,1,0,4.761887589982432,0.47384875093534856
historically,1,0,4.761887589982432,0.47384875093534856
invention,1,0,4.761887589982432,0.47384875093534856
flocking,1,0,4.761887589982432,0.47384875093534856
contributes,1,0,4.761887589982432,0.47384875093534856
myself,1,0,4.761887589982432,0.47384875093534856
selfless-fi,1,0,4.761887589982432,0.47384875093534856
declared,1,0,4.761887589982432,0.47384875093534856
emphasizes,1,0,4.761887589982432,0.47384875093534856
involvement,1,0,4.761887589982432,0.47384875093534856
initially,1,0,4.761887589982432,0.47384875093534856
avoiding,1,0,4.761887589982432,0.47384875093534856
pool,1,0,4.761887589982432,0.47384875093534856
total,1,0,4.761887589982432,0.47384875093534856
ourselves,1,0,4.761887589982432,0.47384875093534856
inference,1,0,4.761887589982432,0.47384875093534856
especially,1,0,4.761887589982432,0.47384875093534856
positive,1,0,4.761887589982432,0.47384875093534856
depositing,1,0,4.761887589982432,0.47384875093534856
fictitious,1,0,4.761887589982432,0.47384875093534856
fiscal,1,0,4.761887589982432,0.47384875093534856
peers,341,383,0.03162274614919802,0.42472997700225745
others,21,22,0.1003737150966657,0.3290848151774332
aligns,9,9,0.14679097203138625,0.3115636220132031
follows,7,7,0.14676242427582586,0.27476340399243115
due,7,7,0.14676242427582586,0.27476340399243115
free-riding,7,7,0.14676242427582586,0.27476340399243115
standard,4,4,0.14671962349350132,0.20775208561104733
matching,4,4,0.14671962349350132,0.20775208561104733
notable,4,4,0.14671962349350132,0.20775208561104733
actions,4,4,0.14671962349350132,0.20775208561104733
peer,29,32,0.048397895932469126,0.18880221331723582
collective,3,3,0.14670536212307717,0.17997585179649275
large,3,3,0.14670536212307717,0.17997585179649275
successful,2,2,0.14669110352980574,0.14705737402138713
well,2,2,0.14669110352980574,0.14705737402138713
effect,2,2,0.14669110352980574,0.14705737402138713
present,2,2,0.14669110352980574,0.14705737402138713
identity,2,2,0.14669110352980574,0.14705737402138713
slightly,1,1,0.14667684771287703,0.10423348461875478
done,1,1,0.14667684771287703,0.10423348461875478
keeping,1,1,0.14667684771287703,0.10423348461875478
exhausting,1,1,0.14667684771287703,0.10423348461875478
minimizing,1,1,0.14667684771287703,0.10423348461875478
high-contribution,1,1,0.14667684771287703,0.10423348461875478
possible,1,1,0.14667684771287703,0.10423348461875478
associated,1,1,0.14667684771287703,0.10423348461875478
member,1,1,0.14667684771287703,0.10423348461875478
roughly,1,1,0.14667684771287703,0.10423348461875478
above,1,1,0.14667684771287703,0.10423348461875478
strategic,1,1,0.14667684771287703,0.10423348461875478
tends,1,1,0.14667684771287703,0.10423348461875478
emerge,1,1,0.14667684771287703,0.10423348461875478
small,1,1,0.14667684771287703,0.10423348461875478
dynamics,1,1,0.14667684771287703,0.10423348461875478
maximizes,16,18,0.028996624775334823,0.08441756413112714
climate,363,420,0.0008464001449031144,0.011810775413293964
potential,6,7,-0.007255072228836923,-0.013050660537985731
countries,362,420,-0.002020731492821781,-0.028176677347061703
observed,15,18,-0.03560489905087749,-0.10187518885486518
ldf,361,421,-0.007367326984429212,-0.10270860657350032
defaults,360,420,-0.007777893631546462,-0.10829196341687419
mode,360,420,-0.007777893631546462,-0.10829196341687419
relatively,4,5,-0.07601530828735648,-0.11344590960916977
tendencies,4,5,-0.07601530828735648,-0.11344590960916977
million,3,4,-0.1402360502914064,-0.1838851039132302
behavior,44,53,-0.039586890179833745,-0.1941222594438257
consistent,32,39,-0.051283175628869415,-0.21503808735521565
average,40,49,-0.056475312194860905,-0.26505833914096266
prevalent,2,3,-0.25720449487248054,-0.28236311993248536
overall,2,3,-0.25720449487248054,-0.28236311993248536
deviate,14,18,-0.10465481586139447,-0.29378152315231687
balances,19,25,-0.12791911529213884,-0.4203957649294021
action,1,2,-0.5415977770745943,-0.44405024835118473
pressure,1,2,-0.5415977770745943,-0.44405024835118473
much,1,2,-0.5415977770745943,-0.44405024835118473
context,1,2,-0.5415977770745943,-0.44405024835118473
assess,1,2,-0.5415977770745943,-0.44405024835118473
received,1,2,-0.5415977770745943,-0.44405024835118473
first,1,2,-0.5415977770745943,-0.44405024835118473
options,1,2,-0.5415977770745943,-0.44405024835118473
norm,1,2,-0.5415977770745943,-0.44405024835118473
justify,1,2,-0.5415977770745943,-0.44405024835118473
among,1,2,-0.5415977770745943,-0.44405024835118473
reasonable,0,1,-4.468548147598078,-0.44465895471539824
returns,0,1,-4.468548147598078,-0.44465895471539824
averages,0,1,-4.468548147598078,-0.44465895471539824
dominated,0,1,-4.468548147598078,-0.44465895471539824
begin,0,1,-4.468548147598078,-0.44465895471539824
exploiting,0,1,-4.468548147598078,-0.44465895471539824
financial,0,1,-4.468548147598078,-0.44465895471539824
flexibility,0,1,-4.468548147598078,-0.44465895471539824
tight,0,1,-4.468548147598078,-0.44465895471539824
undercontributed,0,1,-4.468548147598078,-0.44465895471539824
change,0,1,-4.468548147598078,-0.44465895471539824
08k,0,1,-4.468548147598078,-0.44465895471539824
zero,0,1,-4.468548147598078,-0.44465895471539824
act,0,1,-4.468548147598078,-0.44465895471539824
lead,0,1,-4.468548147598078,-0.44465895471539824
avoids,0,1,-4.468548147598078,-0.44465895471539824
involves,0,1,-4.468548147598078,-0.44465895471539824
option,0,1,-4.468548147598078,-0.44465895471539824
lowly,0,1,-4.468548147598078,-0.44465895471539824
necessary,0,1,-4.468548147598078,-0.44465895471539824
20m,0,1,-4.468548147598078,-0.44465895471539824
benefit,0,1,-4.468548147598078,-0.44465895471539824
exceeding,0,1,-4.468548147598078,-0.44465895471539824
sif,0,1,-4.468548147598078,-0.44465895471539824
non-contributing,0,1,-4.468548147598078,-0.44465895471539824
match,0,1,-4.468548147598078,-0.44465895471539824
guidance,0,1,-4.468548147598078,-0.44465895471539824
consideration,0,1,-4.468548147598078,-0.44465895471539824
defector,0,1,-4.468548147598078,-0.44465895471539824
selfish-investment,0,1,-4.468548147598078,-0.44465895471539824
open,0,1,-4.468548147598078,-0.44465895471539824
sets,0,1,-4.468548147598078,-0.44465895471539824
below,0,1,-4.468548147598078,-0.44465895471539824
lack,0,1,-4.468548147598078,-0.44465895471539824
value,0,1,-4.468548147598078,-0.44465895471539824
seems,0,1,-4.468548147598078,-0.44465895471539824
riders,0,1,-4.468548147598078,-0.44465895471539824
immediately,0,1,-4.468548147598078,-0.44465895471539824
wait,0,1,-4.468548147598078,-0.44465895471539824
evidence,0,1,-4.468548147598078,-0.44465895471539824
decent,0,1,-4.468548147598078,-0.44465895471539824
stating,0,1,-4.468548147598078,-0.44465895471539824
don,0,1,-4.468548147598078,-0.44465895471539824
despite,0,1,-4.468548147598078,-0.44465895471539824
faces,0,1,-4.468548147598078,-0.44465895471539824
precedent,0,1,-4.468548147598078,-0.44465895471539824
consistently,0,1,-4.468548147598078,-0.44465895471539824
mindful,0,1,-4.468548147598078,-0.44465895471539824
many,0,1,-4.468548147598078,-0.44465895471539824
burden,0,1,-4.468548147598078,-0.44465895471539824
minimum,0,1,-4.468548147598078,-0.44465895471539824
keep,0,1,-4.468548147598078,-0.44465895471539824
protect,0,1,-4.468548147598078,-0.44465895471539824
came,0,1,-4.468548147598078,-0.44465895471539824
takes,0,1,-4.468548147598078,-0.44465895471539824
receive,0,1,-4.468548147598078,-0.44465895471539824
range,0,1,-4.468548147598078,-0.44465895471539824
exhibit,0,1,-4.468548147598078,-0.44465895471539824
previously,0,1,-4.468548147598078,-0.44465895471539824
zero-contribution,0,1,-4.468548147598078,-0.44465895471539824
appears,0,1,-4.468548147598078,-0.44465895471539824
test,0,1,-4.468548147598078,-0.44465895471539824
best,0,1,-4.468548147598078,-0.44465895471539824
outweighs,0,1,-4.468548147598078,-0.44465895471539824
tighter,0,1,-4.468548147598078,-0.44465895471539824
accusations,0,1,-4.468548147598078,-0.44465895471539824
100k,0,1,-4.468548147598078,-0.44465895471539824
choice,0,1,-4.468548147598078,-0.44465895471539824
yielded,0,1,-4.468548147598078,-0.44465895471539824
last,0,1,-4.468548147598078,-0.44465895471539824
decide,0,1,-4.468548147598078,-0.44465895471539824
past,53,67,-0.08820941122914405,-0.4798846110276505
contributor,3,5,-0.3629709820722642,-0.49772199484426377
opportunities,0,2,-5.156822772385549,-0.5144042522817787
excessive,0,2,-5.156822772385549,-0.5144042522817787
explore,0,2,-5.156822772385549,-0.5144042522817787
personal,0,2,-5.156822772385549,-0.5144042522817787
depletes,0,2,-5.156822772385549,-0.5144042522817787
ride,0,2,-5.156822772385549,-0.5144042522817787
stable,0,2,-5.156822772385549,-0.5144042522817787
cautious,0,2,-5.156822772385549,-0.5144042522817787
incentivize,0,2,-5.156822772385549,-0.5144042522817787
another,0,2,-5.156822772385549,-0.5144042522817787
exist,0,2,-5.156822772385549,-0.5144042522817787
levels,0,2,-5.156822772385549,-0.5144042522817787
tendency,0,2,-5.156822772385549,-0.5144042522817787
information,0,2,-5.156822772385549,-0.5144042522817787
trust,0,2,-5.156822772385549,-0.5144042522817787
apparent,0,2,-5.156822772385549,-0.5144042522817787
varying,0,2,-5.156822772385549,-0.5144042522817787
funds,0,2,-5.156822772385549,-0.5144042522817787
made,0,2,-5.156822772385549,-0.5144042522817787
risk,0,2,-5.156822772385549,-0.5144042522817787
type,0,2,-5.156822772385549,-0.5144042522817787
contributors,379,455,-0.03761081264085675,-0.5408293967746698
vary,0,3,-5.560718370787836,-0.5551504249510443
dominate,0,3,-5.560718370787836,-0.5551504249510443
high-contributing,0,3,-5.560718370787836,-0.5551504249510443
without,0,3,-5.560718370787836,-0.5551504249510443
aim,0,3,-5.560718370787836,-0.5551504249510443
provides,0,3,-5.560718370787836,-0.5551504249510443
enough,0,3,-5.560718370787836,-0.5551504249510443
tend,0,3,-5.560718370787836,-0.5551504249510443
uses,0,3,-5.560718370787836,-0.5551504249510443
committing,0,3,-5.560718370787836,-0.5551504249510443
lower,0,3,-5.560718370787836,-0.5551504249510443
around,0,3,-5.560718370787836,-0.5551504249510443
followers,0,3,-5.560718370787836,-0.5551504249510443
suggests,0,3,-5.560718370787836,-0.5551504249510443
often,0,3,-5.560718370787836,-0.5551504249510443
deviating,0,3,-5.560718370787836,-0.5551504249510443
followed,5,8,-0.3227917812386263,-0.5666985445731849
since,0,4,-5.847659783202319,-0.5840382045742457
minimal,0,4,-5.847659783202319,-0.5840382045742457
observe,0,5,-6.070394714983177,-0.6064345491044196
stick,0,5,-6.070394714983177,-0.6064345491044196
rational,0,5,-6.070394714983177,-0.6064345491044196
performance,0,5,-6.070394714983177,-0.6064345491044196
chose,0,6,-6.252473814583324,-0.6247278571630082
trend,2,4,-0.5441459072869641,-0.6296327890047367
belief,2,4,-0.5441459072869641,-0.6296327890047367
free,2,4,-0.5441459072869641,-0.6296327890047367
limited,0,7,-6.406477041381223,-0.6401912397380686
contributers,0,8,-6.539920383863695,-0.6535841855008103
constraints,0,9,-6.657654985004031,-0.6653963465460443
against,0,9,-6.657654985004031,-0.6653963465460443
amounts,0,10,-6.762994805464402,-0.675961921513409
vulnerability,0,10,-6.762994805464402,-0.675961921513409
little,9,14,-0.2950968920254624,-0.6910244898379247
conserve,0,13,-7.0253994498556445,-0.7022701005565641
low-contributors,8,13,-0.33870236922895636,-0.7541483497174115
need,3,6,-0.5450500816724109,-0.7718868176654362
future,5,9,-0.44052638237896247,-0.7904586827370932
observations,1,3,-0.9454933754768806,-0.8222225785233671
indicating,1,3,-0.9454933754768806,-0.8222225785233671
resilience,0,82,-8.872774435777947,-0.8872233528383547
high-contributors,20,30,-0.2592545802954973,-0.8982787711784969
needs,0,113,-9.196231240244455,-0.9195824390365244
budget,24,36,-0.25940642678765435,-0.9845558946303476
non-binding,0,420,-10.537415688962009,-1.0537290248763809
agreement,0,420,-10.537415688962009,-1.0537290248763809
developing,0,433,-10.569117806452057,-1.0568995766144138
level,24,37,-0.2868884149708375,-1.094794311052866
less,1,4,-1.2324347878913642,-1.106993225855372
still,1,4,-1.2324347878913642,-1.106993225855372
short-term,1,4,-1.2324347878913642,-1.106993225855372
use,12,21,-0.4132382670770198,-1.1423430060724697
long-term,5,11,-0.64117586715488,-1.1897574539502742
nothing,21,34,-0.3358693867187128,-1.2103931867985251
focusing,4,10,-0.7686153987685795,-1.3005417524276361
resources,1,5,-1.455169719672222,-1.334120179423262
consistency,11,21,-0.5002785511154286,-1.3446458173610154
given,48,73,-0.2741051240429613,-1.4751820087240515
maintain,45,70,-0.29671395784221843,-1.5530514387996233
iterated,2,8,-1.23640650794834,-1.5672623773496894
prisoner,2,8,-1.23640650794834,-1.5672623773496894
dilemma,2,8,-1.23640650794834,-1.5672623773496894
choices,3,10,-1.0555710725534873,-1.6057660607501303
country,4,12,-0.9509510635055953,-1.6488099614153677
history,14,28,-0.5471933356566581,-1.6722006866560155
common,2,9,-1.3541411090886761,-1.7359353599698575
members,7,18,-0.7978205893854078,-1.7921627763727044
allows,1,8,-1.92469538855274,-1.8227859900632075
significantly,23,43,-0.48032244050312833,-1.8596796889497917
pattern,3,12,-1.237906737290503,-1.9204708153651955
found,3,13,-1.3179757169447335,-2.060620655629743
free-ride,3,13,-1.3179757169447335,-2.060620655629743
choose,31,57,-0.4641663302452823,-2.0802204231184733
balancing,9,24,-0.8346997047877096,-2.1364867361760234
moderately,1,12,-2.330105474890461,-2.2490664068694257
moderate,128,191,-0.2574745221314849,-2.2541110423047357
defect,2,13,-1.7218855739402912,-2.2719878165609124
interests,8,30,-1.1760514804602966,-2.957123975668658
contribute,219,329,-0.2672950486335388,-3.0649911967611394
cooperate,101,172,-0.3907023984427198,-3.1167924242869294
minimally,2,24,-2.335631785907772,-3.180862085928122
balance,50,105,-0.5994510612294945,-3.489021322919896
mostly,95,171,-0.44665087371368983,-3.4906512106640446
institution,252,391,-0.3018356061820686,-3.736466123587008
except,13,51,-1.2228936402420896,-3.9372878038115062
recent,30,81,-0.8505750012364235,-3.980286345672954
low,123,249,-0.56835265353042,-5.157192603925941
long-run,2,94,-3.7069118493295345,-5.200157084287432
immediate,2,109,-3.85631613898825,-5.417553602017778
highly,3,86,-3.213336721708494,-5.479868839609251
incentives,9,125,-2.493797113264911,-7.229546978294441
sfi,92,362,-1.2466593469360525,-10.677955446438345
