agent_id,institution_choice,agent_group,event_round,event_types,reputation,reputation_delta,horizon,prop_at_event,prop_after_mean,delta_prop,contrib_at_event,contrib_after_mean,delta_contrib,n_post_rounds
0,SFI,developing,2,bad_rep|rep_drop,2.8,-2.2,imm,0.0117966728432488,0.0,-0.0117966728432488,1069.0,0.0,-1069.0,1
0,SFI,developing,2,bad_rep|rep_drop,2.8,-2.2,short,0.0117966728432488,0.0,-0.0117966728432488,1069.0,0.0,-1069.0,2
0,SFI,developing,2,bad_rep|rep_drop,2.8,-2.2,med,0.0117966728432488,0.0,-0.0117966728432488,1069.0,0.0,-1069.0,3
0,SFI,developing,4,bad_rep|rep_drop|gossip_target,1.36,-3.64,imm,0.0,0.0,0.0,0.0,0.0,0.0,1
0,SFI,developing,4,bad_rep|rep_drop|gossip_target,1.36,-3.64,short,0.0,0.00132892156709525,0.00132892156709525,0.0,534.5,534.5,2
0,SFI,developing,4,bad_rep|rep_drop|gossip_target,1.36,-3.64,med,0.0,0.09080256469270999,0.09080256469270999,0.0,33689.666666666664,33689.666666666664,3
0,SFI,developing,5,bad_rep,1.0,-0.3600000000000001,imm,0.0,0.0026578431341905,0.0026578431341905,0.0,1069.0,1069.0,1
0,SFI,developing,5,bad_rep,1.0,-0.3600000000000001,short,0.0,0.136203847039065,0.136203847039065,0.0,50534.5,50534.5,2
0,SFI,developing,5,bad_rep,1.0,-0.3600000000000001,med,0.0,0.1752917095273816,0.1752917095273816,0.0,67023.0,67023.0,3
0,SFI,developing,6,bad_rep,1.0,0.0,imm,0.0026578431341905,0.2697498509439395,0.267092007809749,1069.0,100000.0,98931.0,1
0,SFI,developing,6,bad_rep,1.0,0.0,short,0.0026578431341905,0.2616086427239772,0.25895079958978673,1069.0,100000.0,98931.0,2
0,SFI,developing,6,bad_rep,1.0,0.0,med,0.0026578431341905,0.39085308694757237,0.3881952438133819,1069.0,133333.33333333334,132264.33333333334,3
0,SFI,developing,7,bad_rep,3.88,2.88,imm,0.2697498509439395,0.2534674345040149,-0.01628241643992462,100000.0,100000.0,0.0,1
0,SFI,developing,7,bad_rep,3.88,2.88,short,0.2697498509439395,0.4514047049493888,0.18165485400544928,100000.0,150000.0,50000.0,2
0,SFI,developing,7,bad_rep,3.88,2.88,med,0.2697498509439395,0.5686294869568114,0.2988796360128719,100000.0,166666.66666666666,66666.66666666666,3
0,SFI,developing,14,rep_drop,5.24,-1.7999999999999998,imm,1.1605790427278777,1.1476615700393784,-0.012917472688499299,200000.0,171000.0,-29000.0,1
0,SFI,developing,14,rep_drop,5.24,-1.7999999999999998,short,1.1605790427278777,0.8927703117326965,-0.2678087309951812,200000.0,138950.0,-61050.0,2
0,SFI,developing,14,rep_drop,5.24,-1.7999999999999998,med,1.1605790427278777,0.5951802078217977,-0.56539883490608,200000.0,92633.33333333333,-107366.66666666667,3
0,SFI,developing,17,rep_drop,6.68,-1.3200000000000005,imm,0.0,0.0,0.0,0.0,0.0,0.0,1
0,SFI,developing,17,rep_drop,6.68,-1.3200000000000005,short,0.0,0.0,0.0,0.0,0.0,0.0,2
0,SFI,developing,17,rep_drop,6.68,-1.3200000000000005,med,0.0,0.0,0.0,0.0,0.0,0.0,3
0,SFI,developing,18,bad_rep|rep_drop|gossip_target,1.0,-5.68,imm,0.0,0.0,0.0,0.0,0.0,0.0,1
0,SFI,developing,18,bad_rep|rep_drop|gossip_target,1.0,-5.68,short,0.0,0.0,0.0,0.0,0.0,0.0,2
0,SFI,developing,18,bad_rep|rep_drop|gossip_target,1.0,-5.68,med,0.0,0.0,0.0,0.0,0.0,0.0,3
0,SFI,developing,19,bad_rep|gossip_target,1.0,0.0,imm,0.0,0.0,0.0,0.0,0.0,0.0,1
0,SFI,developing,19,bad_rep|gossip_target,1.0,0.0,short,0.0,0.0,0.0,0.0,0.0,0.0,2
0,SFI,developing,19,bad_rep|gossip_target,1.0,0.0,med,0.0,0.00029431205436333336,0.00029431205436333336,0.0,356.3333333333333,356.3333333333333,3
0,SFI,developing,20,bad_rep|gossip_target,1.0,0.0,imm,0.0,0.0,0.0,0.0,0.0,0.0,1
0,SFI,developing,20,bad_rep|gossip_target,1.0,0.0,short,0.0,0.000441468081545,0.000441468081545,0.0,534.5,534.5,2
0,SFI,developing,20,bad_rep|gossip_target,1.0,0.0,med,0.0,0.00029431205436333336,0.00029431205436333336,0.0,356.3333333333333,356.3333333333333,3
0,SFI,developing,21,bad_rep|gossip_target,1.0,0.0,imm,0.0,0.00088293616309,0.00088293616309,0.0,1069.0,1069.0,1
0,SFI,developing,21,bad_rep|gossip_target,1.0,0.0,short,0.0,0.000441468081545,0.000441468081545,0.0,534.5,534.5,2
0,SFI,developing,21,bad_rep|gossip_target,1.0,0.0,med,0.0,0.00029431205436333336,0.00029431205436333336,0.0,356.3333333333333,356.3333333333333,3
0,SFI,developing,22,bad_rep|gossip_target,1.0,0.0,imm,0.00088293616309,0.0,-0.00088293616309,1069.0,0.0,-1069.0,1
0,SFI,developing,22,bad_rep|gossip_target,1.0,0.0,short,0.00088293616309,0.0,-0.00088293616309,1069.0,0.0,-1069.0,2
0,SFI,developing,22,bad_rep|gossip_target,1.0,0.0,med,0.00088293616309,0.0,-0.00088293616309,1069.0,0.0,-1069.0,3
0,SFI,developing,23,bad_rep,3.2,2.2,imm,0.0,0.0,0.0,0.0,0.0,0.0,1
0,SFI,developing,23,bad_rep,3.2,2.2,short,0.0,0.0,0.0,0.0,0.0,0.0,2
0,SFI,developing,23,bad_rep,3.2,2.2,med,0.0,0.00020100184930296665,0.00020100184930296665,0.0,356.3333333333333,356.3333333333333,3
0,SFI,developing,24,bad_rep|rep_drop|gossip_target,1.0,-2.2,imm,0.0,0.0,0.0,0.0,0.0,0.0,1
0,SFI,developing,24,bad_rep|rep_drop|gossip_target,1.0,-2.2,short,0.0,0.00030150277395445,0.00030150277395445,0.0,534.5,534.5,2
0,SFI,developing,24,bad_rep|rep_drop|gossip_target,1.0,-2.2,med,0.0,0.00020100184930296665,0.00020100184930296665,0.0,356.3333333333333,356.3333333333333,3
0,SFI,developing,25,bad_rep,1.0,0.0,imm,0.0,0.0006030055479089,0.0006030055479089,0.0,1069.0,1069.0,1
0,SFI,developing,25,bad_rep,1.0,0.0,short,0.0,0.00030150277395445,0.00030150277395445,0.0,534.5,534.5,2
0,SFI,developing,25,bad_rep,1.0,0.0,med,0.0,0.016810223860720935,0.016810223860720935,0.0,33689.666666666664,33689.666666666664,3
0,SFI,developing,26,bad_rep,1.0,0.0,imm,0.0006030055479089,0.0,-0.0006030055479089,1069.0,0.0,-1069.0,1
0,SFI,developing,26,bad_rep,1.0,0.0,short,0.0006030055479089,0.02491383301712695,0.02431082746921805,1069.0,50000.0,48931.0,2
0,SFI,developing,26,bad_rep,1.0,0.0,med,0.0006030055479089,0.0332016744309725,0.0325986688830636,1069.0,66666.66666666667,65597.66666666667,3
0,SFI,developing,28,bad_rep|rep_drop|gossip_target,1.0,-3.2,imm,0.0498276660342539,0.0497773572586636,-5.0308775590299226e-05,100000.0,100000.0,0.0,1
0,SFI,developing,28,bad_rep|rep_drop|gossip_target,1.0,-3.2,short,0.0498276660342539,0.04881078736841165,-0.0010168786658422482,100000.0,100000.0,0.0,2
0,SFI,developing,28,bad_rep|rep_drop|gossip_target,1.0,-3.2,med,0.0498276660342539,0.04881078736841165,-0.0010168786658422482,100000.0,100000.0,0.0,2
1,SFI,developing,3,bad_rep|rep_drop|gossip_target,1.0,-4.0,imm,0.0073373952609624,0.0062771137255638,-0.0010602815353986002,1069.0,1069.0,0.0,1
1,SFI,developing,3,bad_rep|rep_drop|gossip_target,1.0,-4.0,short,0.0073373952609624,0.0049329385178564,-0.0024044567431060005,1069.0,1069.0,0.0,2
1,SFI,developing,3,bad_rep|rep_drop|gossip_target,1.0,-4.0,med,0.0073373952609624,0.004205621289687533,-0.003131773971274867,1069.0,1069.0,0.0,3
1,SFI,developing,22,rep_drop,5.0,-1.2000000000000002,imm,0.0003917214408372,0.0003765894599056,-1.5131980931599987e-05,1069.0,1069.0,0.0,1
1,SFI,developing,22,rep_drop,5.0,-1.2000000000000002,short,0.0003917214408372,0.00037211100560735004,-1.9610435229849973e-05,1069.0,1069.0,0.0,2
1,SFI,developing,22,rep_drop,5.0,-1.2000000000000002,med,0.0003917214408372,0.00036391556531330005,-2.7805875523899957e-05,1069.0,1069.0,0.0,3
1,SFI,developing,23,bad_rep|rep_drop|gossip_target,2.96,-2.04,imm,0.0003765894599056,0.0003676325513091,-8.956908596500026e-06,1069.0,1069.0,0.0,1
1,SFI,developing,23,bad_rep|rep_drop|gossip_target,2.96,-2.04,short,0.0003765894599056,0.00035757861801715,-1.9010841888450036e-05,1069.0,1069.0,0.0,2
1,SFI,developing,23,bad_rep|rep_drop|gossip_target,2.96,-2.04,med,0.0003765894599056,0.00034676535429443333,-2.9824105611166694e-05,1069.0,1069.0,0.0,3
2,SI,developed,5,rep_drop,5.0,-2.12,imm,0.5739957051718322,0.0,-0.5739957051718322,3799420.0,0.0,-3799420.0,1
2,SI,developed,5,rep_drop,5.0,-2.12,short,0.5739957051718322,0.07263016065617225,-0.50136554451566,3799420.0,750000.0,-3049420.0,2
2,SI,developed,5,rep_drop,5.0,-2.12,med,0.5739957051718322,0.1803228166152789,-0.39367288855655325,3799420.0,1833333.3333333333,-1966086.6666666667,3
2,SI,developed,7,bad_rep|rep_drop|gossip_target,1.0,-4.12,imm,0.1452603213123445,0.3957081285334922,0.2504478072211477,1500000.0,4000000.0,2500000.0,1
2,SI,developed,7,bad_rep|rep_drop|gossip_target,1.0,-4.12,short,0.1452603213123445,0.41799350775211963,0.2727331864397751,1500000.0,4500000.0,3000000.0,2
2,SI,developed,7,bad_rep|rep_drop|gossip_target,1.0,-4.12,med,0.1452603213123445,0.38892308249134033,0.24366276117899582,1500000.0,4666666.666666667,3166666.666666667,3
2,SI,developed,9,rep_drop|gossip_target,4.92,-1.7599999999999998,imm,0.4402788869707471,0.3307822319697817,-0.10949665500096539,5000000.0,5000000.0,0.0,1
2,SI,developed,9,rep_drop|gossip_target,4.92,-1.7599999999999998,short,0.4402788869707471,0.3950453261000289,-0.04523356087071817,5000000.0,6500000.0,1500000.0,2
2,SI,developed,9,rep_drop|gossip_target,4.92,-1.7599999999999998,med,0.4402788869707471,0.39605644059530026,-0.04422244637544681,5000000.0,7666666.666666667,2666666.666666667,3
2,SI,developed,12,bad_rep|rep_drop|gossip_target,3.08,-2.04,imm,0.398078669585843,0.2926589841836315,-0.10541968540221147,10000000.0,10000000.0,0.0,1
2,SI,developed,12,bad_rep|rep_drop|gossip_target,3.08,-2.04,short,0.398078669585843,0.2592559520924204,-0.13882271749342256,10000000.0,10000000.0,0.0,2
2,SI,developed,12,bad_rep|rep_drop|gossip_target,3.08,-2.04,med,0.398078669585843,0.2685647287418565,-0.12951394084398649,10000000.0,11666666.666666666,1666666.666666666,3
2,SI,developed,26,rep_drop,6.92,-1.08,imm,0.039288059746447,0.0346172060979992,-0.004670853648447805,10626200.0,10626200.0,0.0,1
2,SI,developed,26,rep_drop,6.92,-1.08,short,0.039288059746447,0.0335395745845988,-0.005748485161848199,10626200.0,10626200.0,0.0,2
2,SI,developed,26,rep_drop,6.92,-1.08,med,0.039288059746447,0.032941684493215766,-0.006346375253231236,10626200.0,10626200.0,0.0,3
2,SI,developed,27,rep_drop,5.0,-1.92,imm,0.0346172060979992,0.0324619430711984,-0.0021552630268007952,10626200.0,10626200.0,0.0,1
2,SI,developed,27,rep_drop,5.0,-1.92,short,0.0346172060979992,0.03210392369082405,-0.0025132824071751464,10626200.0,10626200.0,0.0,2
2,SI,developed,27,rep_drop,5.0,-1.92,med,0.0346172060979992,0.03178123617719147,-0.0028359699208077294,10626200.0,10626200.0,0.0,3
3,SI,developed,2,bad_rep|rep_drop|gossip_target,1.36,-3.64,imm,0.0196699526196737,1.9547718672275176,1.9351019146078439,100000.0,5083896.0,4983896.0,1
3,SI,developed,2,bad_rep|rep_drop|gossip_target,1.36,-3.64,short,0.0196699526196737,1.1848744101551372,1.1652044575354634,100000.0,3275130.0,3175130.0,2
3,SI,developed,2,bad_rep|rep_drop|gossip_target,1.36,-3.64,med,0.0196699526196737,0.807533575186795,0.7878636225671213,100000.0,2283420.0,2183420.0,3
3,SI,developed,4,rep_drop|gossip_target,4.4,-1.92,imm,0.4149769530827568,0.0528519052501109,-0.3621250478326459,1466364.0,300000.0,-1166364.0,1
3,SI,developed,4,rep_drop|gossip_target,4.4,-1.92,short,0.4149769530827568,0.02642595262505545,-0.38855100045770136,1466364.0,150000.0,-1316364.0,2
3,SI,developed,4,rep_drop|gossip_target,4.4,-1.92,med,0.4149769530827568,0.0589181692148718,-0.356058783867885,1466364.0,500000.0,-966364.0,3
3,SI,developed,7,bad_rep|rep_drop|gossip_target,1.0,-4.0,imm,0.1239026023945045,0.1746063135442938,0.05070371114978929,1200000.0,2000000.0,800000.0,1
3,SI,developed,7,bad_rep|rep_drop|gossip_target,1.0,-4.0,short,0.1239026023945045,1.0027941370250228,0.8788915346305184,1200000.0,6727169.0,5527169.0,2
3,SI,developed,7,bad_rep|rep_drop|gossip_target,1.0,-4.0,med,0.1239026023945045,0.6975558593428195,0.573653256948315,1200000.0,4884779.333333333,3684779.333333333,3
3,SI,developed,9,rep_drop,5.0,-1.7999999999999998,imm,1.830981960505752,0.0870793039784129,-1.743902656527339,11454338.0,1200000.0,-10254338.0,1
3,SI,developed,9,rep_drop,5.0,-1.7999999999999998,short,1.830981960505752,0.2041108716006517,-1.6268710889051003,11454338.0,3526798.0,-7927540.0,2
3,SI,developed,9,rep_drop,5.0,-1.7999999999999998,med,1.830981960505752,0.2735299572981122,-1.5574520032076398,11454338.0,5684532.0,-5769806.0,3
3,SI,developed,13,rep_drop|gossip_target,4.28,-1.2000000000000002,imm,0.3837684756511257,0.2416767513675742,-0.14209172428355152,12000000.0,10000000.0,-2000000.0,1
3,SI,developed,13,rep_drop|gossip_target,4.28,-1.2000000000000002,short,0.3837684756511257,0.34638458499871677,-0.037383890652408935,12000000.0,15000000.0,3000000.0,2
3,SI,developed,13,rep_drop|gossip_target,4.28,-1.2000000000000002,med,0.3837684756511257,0.35722515903326596,-0.026543316617859747,12000000.0,16666666.666666666,4666666.666666666,3
3,SI,developed,15,bad_rep|rep_drop|gossip_target,1.8,-3.2,imm,0.4510924186298593,0.3789063071023644,-0.07218611152749493,20000000.0,20000000.0,0.0,1
3,SI,developed,15,bad_rep|rep_drop|gossip_target,1.8,-3.2,short,0.4510924186298593,0.33667321484839124,-0.11441920378146808,20000000.0,18787889.5,-1212110.5,2
3,SI,developed,15,bad_rep|rep_drop|gossip_target,1.8,-3.2,med,0.4510924186298593,0.8630906733473589,0.41199825471749957,20000000.0,32422659.666666668,12422659.666666668,3
3,SI,developed,20,rep_drop,4.48,-1.88,imm,0.2668579871598941,0.5483174293080825,0.28145944214818835,15000000.0,29600000.0,14600000.0,1
3,SI,developed,20,rep_drop,4.48,-1.88,short,0.2668579871598941,0.3738594055668447,0.1070014184069506,15000000.0,22785291.0,7785291.0,2
3,SI,developed,20,rep_drop,4.48,-1.88,med,0.2668579871598941,0.3178349489160252,0.05097696175613109,15000000.0,21856860.666666668,6856860.666666668,3
3,SI,developed,23,rep_drop,5.0,-1.4800000000000004,imm,0.2057860356143862,0.0,-0.2057860356143862,20000000.0,0.0,-20000000.0,1
3,SI,developed,23,rep_drop,5.0,-1.4800000000000004,short,0.2057860356143862,0.0693840330480378,-0.13640200256634838,20000000.0,8784200.0,-11215800.0,2
3,SI,developed,23,rep_drop,5.0,-1.4800000000000004,med,0.2057860356143862,0.046256022032025196,-0.159530013582361,20000000.0,5856133.333333333,-14143866.666666668,3
3,SI,developed,25,bad_rep|rep_drop|gossip_target,1.0,-4.72,imm,0.1387680660960756,0.0,-0.1387680660960756,17568400.0,0.0,-17568400.0,1
3,SI,developed,25,bad_rep|rep_drop|gossip_target,1.0,-4.72,short,0.1387680660960756,1.6386423442531604,1.4998742781570849,17568400.0,83000000.0,65431600.0,2
3,SI,developed,25,bad_rep|rep_drop|gossip_target,1.0,-4.72,med,0.1387680660960756,1.261578760174868,1.1228106940787925,17568400.0,64500000.0,46931600.0,3
3,SI,developed,27,bad_rep|rep_drop|gossip_target,1.0,-4.0,imm,3.2772846885063207,0.5074515920182836,-2.7698330964880373,166000000.0,27500000.0,-138500000.0,1
3,SI,developed,27,bad_rep|rep_drop|gossip_target,1.0,-4.0,short,3.2772846885063207,0.2607517447112851,-3.0165329437950357,166000000.0,14250000.0,-151750000.0,2
3,SI,developed,27,bad_rep|rep_drop|gossip_target,1.0,-4.0,med,3.2772846885063207,0.21940770107402374,-3.057876987432297,166000000.0,13042066.666666666,-152957933.33333334,3
4,SFI,developing,3,bad_rep|rep_drop|gossip_target,1.0,-4.0,imm,0.2081576383742769,0.0894780921839096,-0.11867954619036729,20000.0,10000.0,-10000.0,1
4,SFI,developing,3,bad_rep|rep_drop|gossip_target,1.0,-4.0,short,0.2081576383742769,0.0447390460919548,-0.16341859228232208,20000.0,5000.0,-15000.0,2
4,SFI,developing,3,bad_rep|rep_drop|gossip_target,1.0,-4.0,med,0.2081576383742769,0.02982603072796987,-0.178331607646307,20000.0,3333.3333333333335,-16666.666666666668,3
4,SFI,developing,6,bad_rep|rep_drop|gossip_target,1.0,-4.12,imm,0.0,0.0,0.0,0.0,0.0,0.0,1
4,SFI,developing,6,bad_rep|rep_drop|gossip_target,1.0,-4.12,short,0.0,0.11778396536209144,0.11778396536209144,0.0,50000.0,50000.0,2
4,SFI,developing,6,bad_rep|rep_drop|gossip_target,1.0,-4.12,med,0.0,0.16031615345593475,0.16031615345593475,0.0,68666.66666666667,68666.66666666667,3
4,SFI,developing,7,bad_rep|gossip_target,1.0,0.0,imm,0.0,0.2355679307241829,0.2355679307241829,0.0,100000.0,100000.0,1
4,SFI,developing,7,bad_rep|gossip_target,1.0,0.0,short,0.0,0.24047423018390213,0.24047423018390213,0.0,103000.0,103000.0,2
4,SFI,developing,7,bad_rep|gossip_target,1.0,0.0,med,0.0,0.3390378267728349,0.3390378267728349,0.0,135333.33333333334,135333.33333333334,3
4,SFI,developing,8,bad_rep|gossip_target,1.0,0.0,imm,0.2355679307241829,0.2453805296436214,0.009812598919438503,100000.0,106000.0,6000.0,1
4,SFI,developing,8,bad_rep|gossip_target,1.0,0.0,short,0.2355679307241829,0.3907727747971609,0.155204844072978,100000.0,153000.0,53000.0,2
4,SFI,developing,8,bad_rep|gossip_target,1.0,0.0,med,0.2355679307241829,0.4646478668762586,0.2290799361520757,100000.0,168666.66666666666,68666.66666666666,3
4,SFI,developing,18,rep_drop,5.0,-1.7999999999999998,imm,0.4237723800717262,0.5078207219125801,0.08404834184085391,211074.0,211074.0,0.0,1
4,SFI,developing,18,rep_drop,5.0,-1.7999999999999998,short,0.4237723800717262,0.49598407226305496,0.07221169219132878,211074.0,205537.0,-5537.0,2
4,SFI,developing,18,rep_drop,5.0,-1.7999999999999998,med,0.4237723800717262,0.5313243884159942,0.10755200834426798,211074.0,203691.33333333334,-7382.666666666657,3
4,SFI,developing,20,rep_drop,5.0,-1.2000000000000002,imm,0.4841474226135299,0.6020050207218725,0.11785759810834257,200000.0,200000.0,0.0,1
4,SFI,developing,20,rep_drop,5.0,-1.2000000000000002,short,0.4841474226135299,0.6923428420520561,0.2081954194385262,200000.0,200000.0,0.0,2
4,SFI,developing,20,rep_drop,5.0,-1.2000000000000002,med,0.4841474226135299,0.862550067039671,0.3784026444261411,200000.0,200000.0,0.0,3
4,SFI,developing,25,bad_rep|rep_drop|gossip_target,1.0,-5.44,imm,0.0,0.4777210684955101,0.4777210684955101,0.0,200000.0,200000.0,1
4,SFI,developing,25,bad_rep|rep_drop|gossip_target,1.0,-5.44,short,0.0,0.34912024437938743,0.34912024437938743,0.0,150000.0,150000.0,2
4,SFI,developing,25,bad_rep|rep_drop|gossip_target,1.0,-5.44,med,0.0,0.2930475274582949,0.2930475274582949,0.0,133333.33333333334,133333.33333333334,3
4,SFI,developing,26,bad_rep|gossip_target,1.0,0.0,imm,0.4777210684955101,0.2205194202632648,-0.25720164823224534,200000.0,100000.0,-100000.0,1
4,SFI,developing,26,bad_rep|gossip_target,1.0,0.0,short,0.4777210684955101,0.2007107569396873,-0.2770103115558228,200000.0,100000.0,-100000.0,2
4,SFI,developing,26,bad_rep|gossip_target,1.0,0.0,med,0.4777210684955101,0.13380717129312486,-0.34391389720238524,200000.0,66666.66666666667,-133333.3333333333,3
5,SI,developed,2,bad_rep|rep_drop|gossip_target,1.72,-3.28,imm,0.2751490218566919,0.6529073195774684,0.3777582977207765,2000000.0,4000000.0,2000000.0,1
5,SI,developed,2,bad_rep|rep_drop|gossip_target,1.72,-3.28,short,0.2751490218566919,0.60690766573863,0.3317586438819381,2000000.0,3531610.5,1531610.5,2
5,SI,developed,2,bad_rep|rep_drop|gossip_target,1.72,-3.28,med,0.2751490218566919,0.40460511049242,0.1294560886357281,2000000.0,2354407.0,354407.0,3
5,SI,developed,6,bad_rep|rep_drop|gossip_target,1.0,-5.56,imm,0.0,0.2940175366551891,0.2940175366551891,0.0,3063221.0,3063221.0,1
5,SI,developed,6,bad_rep|rep_drop|gossip_target,1.0,-5.56,short,0.0,0.18496597656541405,0.18496597656541405,0.0,2031610.5,2031610.5,2
5,SI,developed,6,bad_rep|rep_drop|gossip_target,1.0,-5.56,med,0.0,0.16160956436479637,0.16160956436479637,0.0,2021073.6666666667,2021073.6666666667,3
5,SI,developed,7,bad_rep|gossip_target,1.0,0.0,imm,0.2940175366551891,0.075914416475639,-0.21810312017955008,3063221.0,1000000.0,-2063221.0,1
5,SI,developed,7,bad_rep|gossip_target,1.0,0.0,short,0.2940175366551891,0.0954055782196,-0.1986119584355891,3063221.0,1500000.0,-1563221.0,2
5,SI,developed,7,bad_rep|gossip_target,1.0,0.0,med,0.2940175366551891,0.16275047209944857,-0.13126706455574053,3063221.0,3000000.0,-63221.0,3
5,SI,developed,9,rep_drop,5.0,-1.7999999999999998,imm,0.114896739963561,0.2974402598591457,0.18254351989558468,2000000.0,6000000.0,4000000.0,1
5,SI,developed,9,rep_drop,5.0,-1.7999999999999998,short,0.114896739963561,0.46990083473750455,0.35500409477394357,2000000.0,9000000.0,7000000.0,2
5,SI,developed,9,rep_drop,5.0,-1.7999999999999998,med,0.114896739963561,0.48375890092533735,0.3688621609617764,2000000.0,10000000.0,8000000.0,3
5,SI,developed,15,rep_drop,5.0,-1.4400000000000004,imm,0.242493347966262,0.1820800344262362,-0.060413313540025826,12000000.0,12000000.0,0.0,1
5,SI,developed,15,rep_drop,5.0,-1.4400000000000004,short,0.242493347966262,0.16759621615415254,-0.07489713181210947,12000000.0,12000000.0,0.0,2
5,SI,developed,15,rep_drop,5.0,-1.4400000000000004,med,0.242493347966262,0.18619363217818838,-0.056299715788073634,12000000.0,14666666.666666666,2666666.666666666,3
5,SI,developed,24,rep_drop,5.0,-1.7999999999999998,imm,0.0513284777234442,0.0835340018164769,0.0322055240930327,10000000.0,16659309.0,6659309.0,1
5,SI,developed,24,rep_drop,5.0,-1.7999999999999998,short,0.0513284777234442,0.07904831874937229,0.027719841025928095,10000000.0,16659309.0,6659309.0,2
5,SI,developed,24,rep_drop,5.0,-1.7999999999999998,med,0.0513284777234442,0.07211175675393562,0.020783279030491424,10000000.0,16106206.0,6106206.0,3
5,SI,developed,29,rep_drop,5.0,-1.4400000000000004,imm,0.0421682061349464,0.058273143045695,0.016104936910748602,12000000.0,16616178.0,4616178.0,1
5,SI,developed,29,rep_drop,5.0,-1.4400000000000004,short,0.0421682061349464,0.058273143045695,0.016104936910748602,12000000.0,16616178.0,4616178.0,1
5,SI,developed,29,rep_drop,5.0,-1.4400000000000004,med,0.0421682061349464,0.058273143045695,0.016104936910748602,12000000.0,16616178.0,4616178.0,1
6,SI,developed,7,bad_rep|rep_drop|gossip_target,1.0,-4.6,imm,0.2701340132138213,0.1550449208892938,-0.11508909232452749,2000000.0,1500000.0,-500000.0,1
6,SI,developed,7,bad_rep|rep_drop|gossip_target,1.0,-4.6,short,0.2701340132138213,0.3059462094510721,0.03581219623725079,2000000.0,3250000.0,1250000.0,2
6,SI,developed,7,bad_rep|rep_drop|gossip_target,1.0,-4.6,med,0.2701340132138213,0.26733192207372786,-0.0028020911400934434,2000000.0,3166666.6666666665,1166666.6666666665,3
6,SI,developed,12,rep_drop,4.52,-2.5600000000000005,imm,0.41557250351343,0.3020373427573709,-0.11353516075605913,10000000.0,10000000.0,0.0,1
6,SI,developed,12,rep_drop,4.52,-2.5600000000000005,short,0.41557250351343,0.2667662185396184,-0.1488062849738116,10000000.0,10000000.0,0.0,2
6,SI,developed,12,rep_drop,4.52,-2.5600000000000005,med,0.41557250351343,0.25785410734784053,-0.15771839616558947,10000000.0,10933884.0,933884.0,3
6,SI,developed,17,gossip_target,6.52,2.1599999999999997,imm,0.3955953249078994,0.3516919603216439,-0.04390336458625549,15000000.0,17971776.0,2971776.0,1
6,SI,developed,17,gossip_target,6.52,2.1599999999999997,short,0.3955953249078994,0.2924927851599888,-0.10310253974791062,15000000.0,16485888.0,1485888.0,2
6,SI,developed,17,gossip_target,6.52,2.1599999999999997,med,0.3955953249078994,0.2768513745333425,-0.11874395037455687,15000000.0,16981184.0,1981184.0,3
6,SI,developed,22,rep_drop,5.0,-1.4400000000000004,imm,0.1567729051461696,0.2334359976856133,0.0766630925394437,17297854.0,27900000.0,10602146.0,1
6,SI,developed,22,rep_drop,5.0,-1.4400000000000004,short,0.1567729051461696,0.11671799884280665,-0.04005490630336295,17297854.0,13950000.0,-3347854.0,2
6,SI,developed,22,rep_drop,5.0,-1.4400000000000004,med,0.1567729051461696,0.1251136102409961,-0.031659294905173496,17297854.0,15966666.666666666,-1331187.333333334,3
6,SI,developed,25,bad_rep|rep_drop|gossip_target,1.0,-4.36,imm,0.141904833037375,0.1237658776784626,-0.018138955358912398,20000000.0,20000000.0,0.0,1
6,SI,developed,25,bad_rep|rep_drop|gossip_target,1.0,-4.36,short,0.141904833037375,0.14465165866744864,0.0027468256300736404,20000000.0,25000000.0,5000000.0,2
6,SI,developed,25,bad_rep|rep_drop|gossip_target,1.0,-4.36,med,0.141904833037375,0.11400272997895251,-0.027902103058422487,20000000.0,20208733.333333332,208733.3333333321,3
7,SFI,developing,2,bad_rep|rep_drop|gossip_target,1.96,-3.04,imm,0.0139047690179498,0.077838561045225,0.0639337920272752,1000.0,10000.0,9000.0,1
7,SFI,developing,2,bad_rep|rep_drop|gossip_target,1.96,-3.04,short,0.0139047690179498,0.0389192805226125,0.025014511504662704,1000.0,5000.0,4000.0,2
7,SFI,developing,2,bad_rep|rep_drop|gossip_target,1.96,-3.04,med,0.0139047690179498,0.025946187015075003,0.012041417997125202,1000.0,3333.3333333333335,2333.3333333333335,3
7,SFI,developing,5,bad_rep|rep_drop|gossip_target,1.0,-5.68,imm,0.0,0.0,0.0,0.0,0.0,0.0,1
7,SFI,developing,5,bad_rep|rep_drop|gossip_target,1.0,-5.68,short,0.0,0.0,0.0,0.0,0.0,0.0,2
7,SFI,developing,5,bad_rep|rep_drop|gossip_target,1.0,-5.68,med,0.0,1.1928576236051094,1.1928576236051094,0.0,147693.66666666666,147693.66666666666,3
7,SFI,developing,6,bad_rep|gossip_target,1.36,0.3600000000000001,imm,0.0,0.0,0.0,0.0,0.0,0.0,1
7,SFI,developing,6,bad_rep|gossip_target,1.36,0.3600000000000001,short,0.0,1.789286435407664,1.789286435407664,0.0,221540.5,221540.5,2
7,SFI,developing,6,bad_rep|gossip_target,1.36,0.3600000000000001,med,0.0,1.2801679368840484,1.2801679368840484,0.0,164111.33333333334,164111.33333333334,3
7,SFI,developing,7,bad_rep,1.0,-0.3600000000000001,imm,0.0,3.578572870815328,3.578572870815328,0.0,443081.0,443081.0,1
7,SFI,developing,7,bad_rep,1.0,-0.3600000000000001,short,0.0,1.9202519053260727,1.9202519053260727,0.0,246167.0,246167.0,2
7,SFI,developing,7,bad_rep,1.0,-0.3600000000000001,med,0.0,1.425680378904616,1.425680378904616,0.0,197444.66666666666,197444.66666666666,3
7,SFI,developing,8,bad_rep|gossip_target,1.0,0.0,imm,3.578572870815328,0.2619309398368172,-3.316641930978511,443081.0,49253.0,-393828.0,1
7,SFI,developing,8,bad_rep|gossip_target,1.0,0.0,short,3.578572870815328,0.34923413294925976,-3.2293387378660685,443081.0,74626.5,-368454.5,2
7,SFI,developing,8,bad_rep|gossip_target,1.0,0.0,med,3.578572870815328,0.4477462044794445,-3.1308266663358837,443081.0,99751.0,-343330.0,3
7,SFI,developing,10,rep_drop,5.12,-1.5999999999999996,imm,0.4365373260617023,0.6447703475398141,0.2082330214781118,100000.0,150000.0,50000.0,1
7,SFI,developing,10,rep_drop,5.12,-1.5999999999999996,short,0.4365373260617023,0.5548560401888261,0.11831871412712375,100000.0,135000.0,35000.0,2
7,SFI,developing,10,rep_drop,5.12,-1.5999999999999996,med,0.4365373260617023,0.5698773789149992,0.13334005285329692,100000.0,140000.0,40000.0,3
7,SFI,developing,13,rep_drop,5.4,-1.04,imm,0.5999200563673456,0.4249867090466109,-0.17493334732073468,150000.0,120000.0,-30000.0,1
7,SFI,developing,13,rep_drop,5.4,-1.04,short,0.5999200563673456,0.4803192874605079,-0.11960076890683768,150000.0,135000.0,-15000.0,2
7,SFI,developing,13,rep_drop,5.4,-1.04,med,0.5999200563673456,0.46030781466842696,-0.13961224169891862,150000.0,130000.0,-20000.0,3
7,SFI,developing,18,rep_drop,5.0,-1.96,imm,0.1956130148604412,0.3062157599744387,0.11060274511399748,100000.0,150000.0,50000.0,1
7,SFI,developing,18,rep_drop,5.0,-1.96,short,0.1956130148604412,0.3583197213436906,0.16270670648324942,100000.0,175000.0,75000.0,2
7,SFI,developing,18,rep_drop,5.0,-1.96,med,0.1956130148604412,0.30470040422608985,0.10908738936564866,100000.0,150000.0,50000.0,3
7,SFI,developing,21,rep_drop,5.12,-1.2000000000000002,imm,0.1974617699908884,0.1887732553818445,-0.008688514609043907,100000.0,100000.0,0.0,1
7,SFI,developing,21,rep_drop,5.12,-1.2000000000000002,short,0.1974617699908884,0.09438662769092225,-0.10307514229996616,100000.0,50000.0,-50000.0,2
7,SFI,developing,21,rep_drop,5.12,-1.2000000000000002,med,0.1974617699908884,0.06292441846061483,-0.13453735153027357,100000.0,33333.333333333336,-66666.66666666666,3
7,SFI,developing,24,bad_rep|rep_drop|gossip_target,1.0,-4.64,imm,0.0,0.0012162453713842,0.0012162453713842,0.0,1069.0,1069.0,1
7,SFI,developing,24,bad_rep|rep_drop|gossip_target,1.0,-4.64,short,0.0,2.0652356490661137,2.0652356490661137,0.0,440001.5,440001.5,2
7,SFI,developing,24,bad_rep|rep_drop|gossip_target,1.0,-4.64,med,0.0,1.3778518281978862,1.3778518281978862,0.0,293690.6666666667,293690.6666666667,3
7,SFI,developing,25,bad_rep|gossip_target,1.0,0.0,imm,0.0012162453713842,4.129255052760843,4.128038807389459,1069.0,878934.0,877865.0,1
7,SFI,developing,25,bad_rep|gossip_target,1.0,0.0,short,0.0012162453713842,2.0661696196111374,2.0649533742397534,1069.0,440001.5,438932.5,2
7,SFI,developing,25,bad_rep|gossip_target,1.0,0.0,med,0.0012162453713842,1.3774464130740915,1.3762301677027073,1069.0,293334.3333333333,292265.3333333333,3
7,SFI,developing,29,bad_rep|rep_drop|gossip_target,1.0,-4.0,imm,0.0,0.0012909883629553,0.0012909883629553,0.0,1069.0,1069.0,1
7,SFI,developing,29,bad_rep|rep_drop|gossip_target,1.0,-4.0,short,0.0,0.0012909883629553,0.0012909883629553,0.0,1069.0,1069.0,1
7,SFI,developing,29,bad_rep|rep_drop|gossip_target,1.0,-4.0,med,0.0,0.0012909883629553,0.0012909883629553,0.0,1069.0,1069.0,1
8,SFI,developing,2,bad_rep|rep_drop|gossip_target,1.0,-4.0,imm,0.0026077065027899,0.7233481595594436,0.7207404530566538,1069.0,200000.0,198931.0,1
8,SFI,developing,2,bad_rep|rep_drop|gossip_target,1.0,-4.0,short,0.0026077065027899,0.3616740797797218,0.3590663732769319,1069.0,100000.0,98931.0,2
8,SFI,developing,2,bad_rep|rep_drop|gossip_target,1.0,-4.0,med,0.0026077065027899,0.24111605318648122,0.2385083466836913,1069.0,66666.66666666667,65597.66666666667,3
8,SFI,developing,5,bad_rep|rep_drop|gossip_target,1.0,-4.12,imm,0.0,4.693819167544251,4.693819167544251,0.0,430812.0,430812.0,1
8,SFI,developing,5,bad_rep|rep_drop|gossip_target,1.0,-4.12,short,0.0,3.0167648558142264,3.0167648558142264,0.0,261297.0,261297.0,2
8,SFI,developing,5,bad_rep|rep_drop|gossip_target,1.0,-4.12,med,0.0,2.0748119396713043,2.0748119396713043,0.0,184474.66666666666,184474.66666666666,3
8,SFI,developing,6,bad_rep|gossip_target,1.0,0.0,imm,4.693819167544251,1.339710544084202,-3.354108623460049,430812.0,91782.0,-339030.0,1
8,SFI,developing,6,bad_rep|gossip_target,1.0,0.0,short,4.693819167544251,0.7653083257348307,-3.92851084180942,430812.0,61306.0,-369506.0,2
8,SFI,developing,6,bad_rep|gossip_target,1.0,0.0,med,4.693819167544251,0.5102055504898871,-4.183613617054363,430812.0,40870.666666666664,-389941.3333333333,3
8,SFI,developing,10,bad_rep|rep_drop|gossip_target,1.0,-6.2,imm,0.0800412308213147,0.0606994946649641,-0.019341736156350604,30830.0,30830.0,0.0,1
8,SFI,developing,10,bad_rep|rep_drop|gossip_target,1.0,-6.2,short,0.0800412308213147,0.05511129367561895,-0.024929937145695753,30830.0,30830.0,0.0,2
8,SFI,developing,10,bad_rep|rep_drop|gossip_target,1.0,-6.2,med,0.0800412308213147,0.0507485586412734,-0.0292926721800413,30830.0,30830.0,0.0,3
8,SFI,developing,12,rep_drop,5.84,-2.04,imm,0.0495230926862738,0.0420230885725823,-0.007500004113691498,30830.0,30830.0,0.0,1
8,SFI,developing,12,rep_drop,5.84,-2.04,short,0.0495230926862738,0.039037773958148406,-0.010485318728125394,30830.0,30830.0,0.0,2
8,SFI,developing,12,rep_drop,5.84,-2.04,med,0.0495230926862738,0.03659806305010624,-0.01292502963616756,30830.0,30830.0,0.0,3
8,SFI,developing,14,rep_drop,5.12,-1.3200000000000005,imm,0.0360524593437145,0.0317186412340219,-0.004333818109692605,30830.0,30830.0,0.0,1
8,SFI,developing,14,rep_drop,5.12,-1.3200000000000005,short,0.0360524593437145,0.03031122234959715,-0.005741236994117355,30830.0,30830.0,0.0,2
8,SFI,developing,14,rep_drop,5.12,-1.3200000000000005,med,0.0360524593437145,0.020207481566398098,-0.015844977777316405,30830.0,20553.333333333332,-10276.666666666668,3
8,SFI,developing,18,bad_rep|rep_drop|gossip_target,1.0,-4.0,imm,0.0203968969043236,0.0191572585184555,-0.0012396383858680991,30830.0,30830.0,0.0,1
8,SFI,developing,18,bad_rep|rep_drop|gossip_target,1.0,-4.0,short,0.0203968969043236,0.018258577180666348,-0.002138319723657252,30830.0,30830.0,0.0,2
8,SFI,developing,18,bad_rep|rep_drop|gossip_target,1.0,-4.0,med,0.0203968969043236,0.017684943271994866,-0.002711953632328734,30830.0,30830.0,0.0,3
8,SFI,developing,23,rep_drop,5.0,-1.08,imm,0.0151379680482464,0.0148506762132684,-0.0002872918349780002,30830.0,30830.0,0.0,1
8,SFI,developing,23,rep_drop,5.0,-1.08,short,0.0151379680482464,0.0143863261376828,-0.0007516419105635993,30830.0,30830.0,0.0,2
8,SFI,developing,23,rep_drop,5.0,-1.08,med,0.0151379680482464,0.013879065440756134,-0.0012589026074902657,30830.0,30830.0,0.0,3
8,SFI,developing,28,rep_drop,5.0,-1.3200000000000005,imm,0.0115512284429835,0.0112510916780824,-0.00030013676490110025,30830.0,30830.0,0.0,1
8,SFI,developing,28,rep_drop,5.0,-1.3200000000000005,short,0.0115512284429835,0.01095849678604385,-0.0005927316569396511,30830.0,30830.0,0.0,2
8,SFI,developing,28,rep_drop,5.0,-1.3200000000000005,med,0.0115512284429835,0.01095849678604385,-0.0005927316569396511,30830.0,30830.0,0.0,2
9,SFI,developing,2,bad_rep|rep_drop|gossip_target,2.16,-2.84,imm,8.311191195575885,0.6899507210253666,-7.621240474550518,381648.0,45919.0,-335729.0,1
9,SFI,developing,2,bad_rep|rep_drop|gossip_target,2.16,-2.84,short,8.311191195575885,0.6979000001344942,-7.613291195441391,381648.0,42041.5,-339606.5,2
9,SFI,developing,2,bad_rep|rep_drop|gossip_target,2.16,-2.84,med,8.311191195575885,0.4845668200381468,-7.8266243755377385,381648.0,31361.0,-350287.0,3
9,SFI,developing,7,bad_rep|rep_drop,1.0,-4.0,imm,0.6263393195402054,0.0313903738279619,-0.5949489457122434,128246.0,10000.0,-118246.0,1
9,SFI,developing,7,bad_rep|rep_drop,1.0,-4.0,short,0.6263393195402054,0.2267655850313835,-0.3995737345088219,128246.0,69123.0,-59123.0,2
9,SFI,developing,7,bad_rep|rep_drop,1.0,-4.0,med,0.6263393195402054,0.15884277344053768,-0.46749654609966773,128246.0,49415.333333333336,-78830.66666666666,3
9,SFI,developing,9,rep_drop,5.0,-2.04,imm,0.4221407962348051,0.022997150258846,-0.3991436459759591,128246.0,10000.0,-118246.0,1
9,SFI,developing,9,rep_drop,5.0,-2.04,short,0.4221407962348051,0.26896379764668393,-0.15317699858812117,128246.0,105000.0,-23246.0,2
9,SFI,developing,9,rep_drop,5.0,-2.04,med,0.4221407962348051,0.2847022383875717,-0.1374385578472334,128246.0,112748.66666666667,-15497.333333333328,3
9,SFI,developing,11,rep_drop,5.6,-2.4000000000000004,imm,0.5149304450345219,0.3161791198693472,-0.19875132516517469,200000.0,128246.0,-71754.0,1
9,SFI,developing,11,rep_drop,5.6,-2.4000000000000004,short,0.5149304450345219,0.31101740653917936,-0.20391303849534254,200000.0,128246.0,-71754.0,2
9,SFI,developing,11,rep_drop,5.6,-2.4000000000000004,med,0.5149304450345219,0.38673446028370595,-0.12819598475081595,200000.0,152164.0,-47836.0,3
9,SFI,developing,12,rep_drop|gossip_target,4.52,-1.08,imm,0.3161791198693472,0.3058556932090115,-0.0103234266603357,128246.0,128246.0,0.0,1
9,SFI,developing,12,rep_drop|gossip_target,4.52,-1.08,short,0.3161791198693472,0.4220121304908854,0.10583301062153816,128246.0,164123.0,35877.0,2
9,SFI,developing,12,rep_drop|gossip_target,4.52,-1.08,med,0.3161791198693472,0.3906574959526928,0.07447837608334557,128246.0,152164.0,23918.0,3
9,SFI,developing,16,rep_drop,5.12,-2.28,imm,0.3302775772075278,0.385329196365685,0.055051619158157206,128246.0,200000.0,71754.0,1
9,SFI,developing,16,rep_drop,5.12,-2.28,short,0.3302775772075278,0.31235413031850096,-0.01792344688902686,128246.0,164123.0,35877.0,2
9,SFI,developing,16,rep_drop,5.12,-2.28,med,0.3302775772075278,0.2879708775406467,-0.04230669966688111,128246.0,152164.0,23918.0,3
9,SFI,developing,21,rep_drop,5.76,-1.04,imm,0.2150984020523578,0.2168944272134201,0.0017960251610622813,128246.0,128246.0,0.0,1
9,SFI,developing,21,rep_drop,5.76,-1.04,short,0.2150984020523578,0.10844721360671004,-0.10665118844564776,128246.0,64123.0,-64123.0,2
9,SFI,developing,21,rep_drop,5.76,-1.04,med,0.2150984020523578,0.13867911685448045,-0.07641928519787736,128246.0,85497.33333333333,-42748.66666666667,3
9,SFI,developing,24,bad_rep|rep_drop|gossip_target,1.0,-4.0,imm,0.1991429233500213,0.1872044543266732,-0.01193846902334808,128246.0,128246.0,0.0,1
9,SFI,developing,24,bad_rep|rep_drop|gossip_target,1.0,-4.0,short,0.1991429233500213,0.17691484344501995,-0.022228079905001336,128246.0,128246.0,0.0,2
9,SFI,developing,24,bad_rep|rep_drop|gossip_target,1.0,-4.0,med,0.1991429233500213,0.17301455682364306,-0.026128366526378233,128246.0,128246.0,0.0,3
9,SFI,developing,29,rep_drop,6.36,-1.3999999999999997,imm,0.1561902198193415,0.1467322465442762,-0.009457973275065312,128246.0,128246.0,0.0,1
9,SFI,developing,29,rep_drop,6.36,-1.3999999999999997,short,0.1561902198193415,0.1467322465442762,-0.009457973275065312,128246.0,128246.0,0.0,1
9,SFI,developing,29,rep_drop,6.36,-1.3999999999999997,med,0.1561902198193415,0.1467322465442762,-0.009457973275065312,128246.0,128246.0,0.0,1
10,SI,developed,2,bad_rep|rep_drop,1.0,-4.0,imm,0.0222447951968049,0.0123273952024095,-0.0099173999943954,120000.0,100000.0,-20000.0,1
10,SI,developed,2,bad_rep|rep_drop,1.0,-4.0,short,0.0222447951968049,0.00616369760120475,-0.016081097595600148,120000.0,50000.0,-70000.0,2
10,SI,developed,2,bad_rep|rep_drop,1.0,-4.0,med,0.0222447951968049,0.017664792949142766,-0.0045800022476621335,120000.0,200000.0,80000.0,3
10,SI,developed,5,bad_rep|rep_drop|gossip_target,1.0,-4.0,imm,0.0406669836450188,0.2733044220983461,0.2326374384533273,500000.0,3000000.0,2500000.0,1
10,SI,developed,5,bad_rep|rep_drop|gossip_target,1.0,-4.0,short,0.0406669836450188,0.3976853618834413,0.3570183782384225,500000.0,4000000.0,3500000.0,2
10,SI,developed,5,bad_rep|rep_drop|gossip_target,1.0,-4.0,med,0.0406669836450188,0.3616664650746062,0.3209994814295874,500000.0,3666666.6666666665,3166666.6666666665,3
10,SI,developed,7,rep_drop,5.0,-1.4400000000000004,imm,0.5220663016685364,0.2896286714569361,-0.2324376302116003,5000000.0,3000000.0,-2000000.0,1
10,SI,developed,7,rep_drop,5.0,-1.4400000000000004,short,0.5220663016685364,0.3035190353697992,-0.21854726629873722,5000000.0,3500000.0,-1500000.0,2
10,SI,developed,7,rep_drop,5.0,-1.4400000000000004,med,0.5220663016685364,0.4911345139307554,-0.03093178773778099,5000000.0,5666666.666666667,666666.666666667,3
10,SI,developed,9,rep_drop,5.48,-1.1999999999999993,imm,0.3174093992826622,0.8663654710526678,0.5489560717700056,4000000.0,10000000.0,6000000.0,1
10,SI,developed,9,rep_drop,5.48,-1.1999999999999993,short,0.3174093992826622,0.5455099863240596,0.22810058704139735,4000000.0,7000000.0,3000000.0,2
10,SI,developed,9,rep_drop,5.48,-1.1999999999999993,med,0.3174093992826622,0.40705315850489915,0.08964375922223694,4000000.0,6000000.0,2000000.0,3
10,SI,developed,14,bad_rep|rep_drop|gossip_target,2.96,-2.04,imm,0.4765698156776218,0.2934199300848017,-0.18314988559282008,15000000.0,12347107.0,-2652893.0,1
10,SI,developed,14,bad_rep|rep_drop|gossip_target,2.96,-2.04,short,0.4765698156776218,0.2818013714543923,-0.19476844422322948,15000000.0,13673553.5,-1326446.5,2
10,SI,developed,14,bad_rep|rep_drop|gossip_target,2.96,-2.04,med,0.4765698156776218,0.2848486913079035,-0.19172112436971828,15000000.0,15125810.666666666,125810.66666666605,3
10,SI,developed,21,rep_drop,5.0,-2.16,imm,0.1195067767300355,0.2180204172176977,0.09851364048766219,15000000.0,30000000.0,15000000.0,1
10,SI,developed,21,rep_drop,5.0,-2.16,short,0.1195067767300355,0.1559740302672018,0.0364672535371663,15000000.0,22500000.0,7500000.0,2
10,SI,developed,21,rep_drop,5.0,-2.16,med,0.1195067767300355,0.2266724125029531,0.10716563577291761,15000000.0,31666666.666666668,16666666.666666668,3
10,SI,developed,23,rep_drop,5.0,-1.6799999999999995,imm,0.0939276433167059,0.3680691769744558,0.2741415336577499,15000000.0,50000000.0,35000000.0,1
10,SI,developed,23,rep_drop,5.0,-1.6799999999999995,short,0.0939276433167059,0.1840345884872279,0.090106945170522,15000000.0,25000000.0,10000000.0,2
10,SI,developed,23,rep_drop,5.0,-1.6799999999999995,med,0.0939276433167059,0.14422651512335297,0.050298871806647064,15000000.0,20666666.666666668,5666666.666666668,3
10,SI,developed,26,bad_rep|rep_drop|gossip_target,1.0,-4.48,imm,0.0646103683956031,0.0480342579267961,-0.01657611046880699,12000000.0,10626200.0,-1373800.0,1
10,SI,developed,26,bad_rep|rep_drop|gossip_target,1.0,-4.48,short,0.0646103683956031,0.0460055150519305,-0.018604853343672595,12000000.0,10626200.0,-1373800.0,2
10,SI,developed,26,bad_rep|rep_drop|gossip_target,1.0,-4.48,med,0.0646103683956031,0.04682195357985227,-0.017788414815750823,12000000.0,11084133.333333334,-915866.666666666,3
11,SFI,developing,2,bad_rep|rep_drop,1.0,-4.0,imm,0.0022011994398639,0.0629156672926456,0.060714467852781694,1000.0,30830.0,29830.0,1
11,SFI,developing,2,bad_rep|rep_drop,1.0,-4.0,short,0.0022011994398639,0.06324991282973966,0.061048713389875754,1000.0,30830.0,29830.0,2
11,SFI,developing,2,bad_rep|rep_drop,1.0,-4.0,med,0.0022011994398639,0.059803468411804006,0.0576022689719401,1000.0,30830.0,29830.0,3
11,SFI,developing,3,gossip_target,4.08,3.08,imm,0.0629156672926456,0.0635841583668337,0.0006684910741881073,30830.0,30830.0,0.0,1
11,SFI,developing,3,gossip_target,4.08,3.08,short,0.0629156672926456,0.058247368971383204,-0.004668298321262393,30830.0,30830.0,0.0,2
11,SFI,developing,3,gossip_target,4.08,3.08,med,0.0629156672926456,0.05479821470611504,-0.008117452586530557,30830.0,30830.0,0.0,3
11,SFI,developing,6,rep_drop,5.0,-2.04,imm,0.0478999061755787,0.0452509390078316,-0.002648967167747103,30830.0,30830.0,0.0,1
11,SFI,developing,6,rep_drop,5.0,-2.04,short,0.0478999061755787,0.0425338766247068,-0.005366029550871905,30830.0,30830.0,0.0,2
11,SFI,developing,6,rep_drop,5.0,-2.04,med,0.0478999061755787,0.0403481707799086,-0.007551735395670105,30830.0,30830.0,0.0,3
11,SFI,developing,11,rep_drop,5.36,-2.04,imm,0.0282873888604862,0.0255954521432292,-0.0026919367172569993,30830.0,30830.0,0.0,1
11,SFI,developing,11,rep_drop,5.36,-2.04,short,0.0282873888604862,0.0245146591285265,-0.0037727297319597,30830.0,30830.0,0.0,2
11,SFI,developing,11,rep_drop,5.36,-2.04,med,0.0282873888604862,0.023494002952156732,-0.004793385908329468,30830.0,30830.0,0.0,3
11,SFI,developing,21,rep_drop,5.0,-2.76,imm,0.0127640839343353,0.0122933984478816,-0.00047068548645370044,30830.0,30830.0,0.0,1
11,SFI,developing,21,rep_drop,5.0,-2.76,short,0.0127640839343353,0.0121036255429259,-0.0006604583914094006,30830.0,30830.0,0.0,2
11,SFI,developing,21,rep_drop,5.0,-2.76,med,0.0127640839343353,0.011980811253524732,-0.0007832726808105692,30830.0,30830.0,0.0,3
12,SFI,developing,2,bad_rep|rep_drop,1.0,-4.0,imm,0.0018458442997402,0.0501310827164258,0.048285238416685604,1069.0,30824.0,29755.0,1
12,SFI,developing,2,bad_rep|rep_drop,1.0,-4.0,short,0.0018458442997402,0.0503426265619335,0.048496782262193304,1069.0,30824.0,29755.0,2
12,SFI,developing,2,bad_rep|rep_drop,1.0,-4.0,med,0.0018458442997402,0.040432511357819466,0.03858666705807927,1069.0,25520.0,24451.0,3
12,SFI,developing,6,rep_drop,4.68,-1.760000000000001,imm,0.0392957349353995,0.0374944579733745,-0.0018012769620249988,30824.0,30824.0,0.0,1
12,SFI,developing,6,rep_drop,4.68,-1.760000000000001,short,0.0392957349353995,0.0355893802622518,-0.0037063546731476993,30824.0,30824.0,0.0,2
12,SFI,developing,6,rep_drop,4.68,-1.760000000000001,med,0.0392957349353995,0.03402422330357067,-0.005271511631828832,30824.0,30824.0,0.0,3
12,SFI,developing,8,rep_drop,5.12,-1.7999999999999998,imm,0.0336843025511291,0.0308939093862084,-0.0027903931649207007,30824.0,30824.0,0.0,1
12,SFI,developing,8,rep_drop,5.12,-1.7999999999999998,short,0.0336843025511291,0.0293573236118596,-0.004326978939269501,30824.0,30824.0,0.0,2
12,SFI,developing,8,rep_drop,5.12,-1.7999999999999998,med,0.0336843025511291,0.0279202398153926,-0.0057640627357365,30824.0,30824.0,0.0,3
12,SFI,developing,12,rep_drop,5.0,-1.3200000000000005,imm,0.0229119552413667,0.0211639875342693,-0.0017479677070973976,30824.0,30824.0,0.0,1
12,SFI,developing,12,rep_drop,5.0,-1.3200000000000005,short,0.0229119552413667,0.01058199376713465,-0.012329961474232048,30824.0,15412.0,-15412.0,2
12,SFI,developing,12,rep_drop,5.0,-1.3200000000000005,med,0.0229119552413667,0.007054662511423101,-0.015857292729943597,30824.0,10274.666666666666,-20549.333333333336,3
12,SFI,developing,15,bad_rep|rep_drop|gossip_target,1.0,-5.32,imm,0.0,0.0,0.0,0.0,0.0,0.0,1
12,SFI,developing,15,bad_rep|rep_drop|gossip_target,1.0,-5.32,short,0.0,2.845021203553247,2.845021203553247,0.0,940961.5,940961.5,2
12,SFI,developing,15,bad_rep|rep_drop|gossip_target,1.0,-5.32,med,0.0,1.9619064654750014,1.9619064654750014,0.0,653257.3333333334,653257.3333333334,3
12,SFI,developing,16,bad_rep|gossip_target,1.0,0.0,imm,0.0,5.690042407106494,5.690042407106494,0.0,1881923.0,1881923.0,1
12,SFI,developing,16,bad_rep|gossip_target,1.0,0.0,short,0.0,2.942859698212502,2.942859698212502,0.0,979886.0,979886.0,2
12,SFI,developing,16,bad_rep|gossip_target,1.0,0.0,med,0.0,2.0400653511901186,2.0400653511901186,0.0,686590.6666666666,686590.6666666666,3
12,SFI,developing,17,bad_rep|gossip_target,1.0,0.0,imm,5.690042407106494,0.1956769893185096,-5.494365417787985,1881923.0,77849.0,-1804074.0,1
12,SFI,developing,17,bad_rep|gossip_target,1.0,0.0,short,5.690042407106494,0.21507682323193034,-5.474965583874564,1881923.0,88924.5,-1792998.5,2
12,SFI,developing,17,bad_rep|gossip_target,1.0,0.0,med,5.690042407106494,0.3166333099556741,-5.37340909715082,1881923.0,130410.33333333333,-1751512.6666666667,3
12,SFI,developing,20,rep_drop,5.36,-1.1999999999999993,imm,0.5197462834031616,0.1722981924187188,-0.34744809098444285,213382.0,77849.0,-135533.0,1
12,SFI,developing,20,rep_drop,5.36,-1.1999999999999993,short,0.5197462834031616,0.38107598892384126,-0.1386702944793204,213382.0,145615.5,-67766.5,2
12,SFI,developing,20,rep_drop,5.36,-1.1999999999999993,med,0.5197462834031616,0.5285718754351064,0.008825592031944773,213382.0,168204.33333333334,-45177.66666666666,3
12,SFI,developing,25,rep_drop,5.36,-1.1999999999999993,imm,0.0,0.7494178451752143,0.7494178451752143,0.0,213382.0,213382.0,1
12,SFI,developing,25,rep_drop,5.36,-1.1999999999999993,short,0.0,0.8922023551535432,0.8922023551535432,0.0,213382.0,213382.0,2
12,SFI,developing,25,rep_drop,5.36,-1.1999999999999993,med,0.0,0.7141445562625948,0.7141445562625948,0.0,177888.0,177888.0,3
12,SFI,developing,26,bad_rep|rep_drop|gossip_target,1.0,-4.36,imm,0.7494178451752143,1.034986865131872,0.28556901995665784,213382.0,213382.0,0.0,1
12,SFI,developing,26,bad_rep|rep_drop|gossip_target,1.0,-4.36,short,0.7494178451752143,0.6965079118062849,-0.05290993336892935,213382.0,160141.0,-53241.0,2
12,SFI,developing,26,bad_rep|rep_drop|gossip_target,1.0,-4.36,med,0.7494178451752143,0.844240475147615,0.09482262997240076,213382.0,177888.0,-35494.0,3
12,SFI,developing,29,rep_drop,7.0,-1.0,imm,1.139705601830275,0.1570367823217143,-0.9826688195085607,213382.0,50000.0,-163382.0,1
12,SFI,developing,29,rep_drop,7.0,-1.0,short,1.139705601830275,0.1570367823217143,-0.9826688195085607,213382.0,50000.0,-163382.0,1
12,SFI,developing,29,rep_drop,7.0,-1.0,med,1.139705601830275,0.1570367823217143,-0.9826688195085607,213382.0,50000.0,-163382.0,1
13,SI,developed,4,rep_drop,5.6,-1.2000000000000002,imm,0.0540420395187097,0.0503708149684723,-0.003671224550237398,1200000.0,1200000.0,0.0,1
13,SI,developed,4,rep_drop,5.6,-1.2000000000000002,short,0.0540420395187097,0.0498685552642001,-0.004173484254509599,1200000.0,1200000.0,0.0,2
13,SI,developed,4,rep_drop,5.6,-1.2000000000000002,med,0.0540420395187097,0.04902489792052656,-0.005017141598183138,1200000.0,1200000.0,0.0,3
13,SI,developed,5,rep_drop,4.24,-1.3599999999999994,imm,0.0503708149684723,0.0493662955599279,-0.001004519408544402,1200000.0,1200000.0,0.0,1
13,SI,developed,5,rep_drop,4.24,-1.3599999999999994,short,0.0503708149684723,0.0483519393965537,-0.002018875571918599,1200000.0,1200000.0,0.0,2
13,SI,developed,5,rep_drop,4.24,-1.3599999999999994,med,0.0503708149684723,0.046568822624626166,-0.003801992343846136,1200000.0,1200000.0,0.0,3
13,SI,developed,7,bad_rep|rep_drop,1.0,-4.36,imm,0.0473375832331795,0.0430025890807711,-0.0043349941524084,1200000.0,1200000.0,0.0,1
13,SI,developed,7,bad_rep|rep_drop,1.0,-4.36,short,0.0473375832331795,0.03973413025924975,-0.007603452973929746,1200000.0,1200000.0,0.0,2
13,SI,developed,7,bad_rep|rep_drop,1.0,-4.36,med,0.0473375832331795,0.13115510359890536,0.08381752036572587,1200000.0,4133333.3333333335,2933333.3333333335,3
13,SI,developed,9,rep_drop,5.0,-1.16,imm,0.0364656714377284,0.3139970502782166,0.27753137884048823,1200000.0,10000000.0,8800000.0,1
13,SI,developed,9,rep_drop,5.0,-1.16,short,0.0364656714377284,0.3549026387753337,0.3184369673376053,1200000.0,11000000.0,9800000.0,2
13,SI,developed,9,rep_drop,5.0,-1.16,med,0.0364656714377284,0.35017457452773376,0.3137089030900054,1200000.0,11333333.333333334,10133333.333333334,3
13,SI,developed,19,rep_drop,5.0,-1.4400000000000004,imm,0.0956115095297306,0.0702563042107039,-0.0253552053190267,12000000.0,10000000.0,-2000000.0,1
13,SI,developed,19,rep_drop,5.0,-1.4400000000000004,short,0.0956115095297306,0.0664383095502111,-0.029173199979519504,12000000.0,10000000.0,-2000000.0,2
13,SI,developed,19,rep_drop,5.0,-1.4400000000000004,med,0.0956115095297306,0.06537004964961952,-0.03024145988011108,12000000.0,10666666.666666666,-1333333.333333334,3
13,SI,developed,21,rep_drop,5.0,-1.7999999999999998,imm,0.0626203148897183,0.0632335298484364,0.0006132149587181057,10000000.0,12000000.0,2000000.0,1
13,SI,developed,21,rep_drop,5.0,-1.7999999999999998,short,0.0626203148897183,0.05618688999727655,-0.006433424892441746,10000000.0,11313100.0,1313100.0,2
13,SI,developed,21,rep_drop,5.0,-1.7999999999999998,med,0.0626203148897183,0.0548485306905326,-0.007771784199185693,10000000.0,11542066.666666666,1542066.666666666,3
14,SI,developed,4,bad_rep|rep_drop|gossip_target,1.0,-6.0,imm,0.6648611877569607,0.1269105420664605,-0.5379506456905002,3320470.0,880000.0,-2440470.0,1
14,SI,developed,4,bad_rep|rep_drop|gossip_target,1.0,-6.0,short,0.6648611877569607,0.06345527103323025,-0.6014059167237304,3320470.0,440000.0,-2880470.0,2
14,SI,developed,4,bad_rep|rep_drop|gossip_target,1.0,-6.0,med,0.6648611877569607,0.21481105753983365,-0.45005013021712703,3320470.0,1626666.6666666667,-1693803.3333333333,3
14,SI,developed,7,bad_rep|rep_drop,1.0,-5.08,imm,0.5175226305530405,0.0829624571061313,-0.43456017344690917,4000000.0,880000.0,-3120000.0,1
14,SI,developed,7,bad_rep|rep_drop,1.0,-5.08,short,0.5175226305530405,0.25245786590603825,-0.26506476464700224,4000000.0,2940000.0,-1060000.0,2
14,SI,developed,7,bad_rep|rep_drop,1.0,-5.08,med,0.5175226305530405,0.48318427506516004,-0.034338355487880445,4000000.0,5293333.333333333,1293333.333333333,3
14,SI,developed,9,gossip_target,4.4,0.3600000000000003,imm,0.4219532747059452,0.9446370933834036,0.5226838186774585,5000000.0,10000000.0,5000000.0,1
14,SI,developed,9,gossip_target,4.4,0.3600000000000003,short,0.4219532747059452,0.6351088782014491,0.21315560349550394,5000000.0,7500000.0,2500000.0,2
14,SI,developed,9,gossip_target,4.4,0.3600000000000003,med,0.4219532747059452,0.5708396951515423,0.14888642044559713,5000000.0,7666666.666666667,2666666.666666667,3
14,SI,developed,11,bad_rep|rep_drop,3.0,-2.72,imm,0.3255806630194947,0.4423013290517287,0.11672066603223402,5000000.0,8000000.0,3000000.0,1
14,SI,developed,11,bad_rep|rep_drop,3.0,-2.72,short,0.3255806630194947,0.4273867727985104,0.10180610977901572,5000000.0,9409090.5,4409090.5,2
14,SI,developed,11,bad_rep|rep_drop,3.0,-2.72,med,0.3255806630194947,0.38907209175201934,0.06349142873252467,5000000.0,9878787.333333334,4878787.333333334,3
14,SI,developed,12,bad_rep|gossip_target,3.2,0.2000000000000001,imm,0.4423013290517287,0.4124722165452921,-0.029829112506436606,8000000.0,10818181.0,2818181.0,1
14,SI,developed,12,bad_rep|gossip_target,3.2,0.2000000000000001,short,0.4423013290517287,0.36245747310216464,-0.07984385594956406,8000000.0,10818181.0,2818181.0,2
14,SI,developed,12,bad_rep|gossip_target,3.2,0.2000000000000001,med,0.4423013290517287,0.32943958550330055,-0.11286174354842815,8000000.0,11212120.666666666,3212120.666666666,3
14,SI,developed,13,bad_rep|gossip_target,3.96,0.7599999999999998,imm,0.4124722165452921,0.3124427296590372,-0.1000294868862549,10818181.0,10818181.0,0.0,1
14,SI,developed,13,bad_rep|gossip_target,3.96,0.7599999999999998,short,0.4124722165452921,0.2879232699823048,-0.12454894656298732,10818181.0,11409090.5,590909.5,2
14,SI,developed,13,bad_rep|gossip_target,3.96,0.7599999999999998,med,0.4124722165452921,0.2564881492523951,-0.155984067292897,10818181.0,11606060.333333334,787879.333333334,3
14,SI,developed,14,gossip_target,4.68,0.7199999999999998,imm,0.3124427296590372,0.2634038103055724,-0.04903891935346477,10818181.0,12000000.0,1181819.0,1
14,SI,developed,14,gossip_target,4.68,0.7199999999999998,short,0.3124427296590372,0.22851085904907406,-0.08393187060996313,10818181.0,12000000.0,1181819.0,2
14,SI,developed,14,gossip_target,4.68,0.7199999999999998,med,0.3124427296590372,0.19594883849301162,-0.11649389116602557,10818181.0,11333333.333333334,515152.33333333395,3
14,SI,developed,16,bad_rep|rep_drop|gossip_target,2.12,-1.92,imm,0.1936179077925757,0.1308247973808868,-0.06279311041168892,12000000.0,10000000.0,-2000000.0,1
14,SI,developed,16,bad_rep|rep_drop|gossip_target,2.12,-1.92,short,0.1936179077925757,0.12818091858268837,-0.06543698920988733,12000000.0,11000000.0,-1000000.0,2
14,SI,developed,16,bad_rep|rep_drop|gossip_target,2.12,-1.92,med,0.1936179077925757,0.19207702108420807,-0.0015408867083676336,12000000.0,17333333.333333332,5333333.333333332,3
14,SI,developed,20,rep_drop,5.0,-1.2000000000000002,imm,0.1987077157631102,0.185141540352745,-0.0135661754103652,20000000.0,20000000.0,0.0,1
14,SI,developed,20,rep_drop,5.0,-1.2000000000000002,short,0.1987077157631102,0.1282613105832291,-0.0704464051798811,20000000.0,15000000.0,-5000000.0,2
14,SI,developed,20,rep_drop,5.0,-1.2000000000000002,med,0.1987077157631102,0.0855075403888194,-0.11320017537429079,20000000.0,10000000.0,-10000000.0,3
14,SI,developed,24,bad_rep|rep_drop|gossip_target,1.0,-4.0,imm,0.0,0.0565789176479457,0.0565789176479457,0.0,12000000.0,12000000.0,1
14,SI,developed,24,bad_rep|rep_drop|gossip_target,1.0,-4.0,short,0.0,0.048889375344376707,0.048889375344376707,0.0,11000000.0,11000000.0,2
14,SI,developed,24,bad_rep|rep_drop|gossip_target,1.0,-4.0,med,0.0,0.044483577601367306,0.044483577601367306,0.0,10666666.666666666,10666666.666666666,3
14,SI,developed,25,bad_rep|gossip_target,1.0,0.0,imm,0.0565789176479457,0.0411998330408077,-0.015379084607138,12000000.0,10000000.0,-2000000.0,1
14,SI,developed,25,bad_rep|gossip_target,1.0,0.0,short,0.0565789176479457,0.038435907578078105,-0.0181430100698676,12000000.0,10000000.0,-2000000.0,2
14,SI,developed,25,bad_rep|gossip_target,1.0,0.0,med,0.0565789176479457,0.036685586589277,-0.019893331058668702,12000000.0,10000000.0,-2000000.0,3
14,SI,developed,27,rep_drop,5.12,-1.6799999999999995,imm,0.0356719821153485,0.0331849446116748,-0.0024870375036736975,10000000.0,10000000.0,0.0,1
14,SI,developed,27,rep_drop,5.12,-1.6799999999999995,short,0.0356719821153485,0.0499966436755655,0.014324661560217,10000000.0,15000000.0,5000000.0,2
14,SI,developed,27,rep_drop,5.12,-1.6799999999999995,med,0.0356719821153485,0.04991218310342103,0.014240200988072528,10000000.0,15000000.0,5000000.0,3
15,SFI,developing,3,bad_rep|rep_drop|gossip_target,1.0,-4.0,imm,0.0,0.4455254504983877,0.4455254504983877,0.0,44795.0,44795.0,1
15,SFI,developing,3,bad_rep|rep_drop|gossip_target,1.0,-4.0,short,0.0,0.34423001869920666,0.34423001869920666,0.0,44795.0,44795.0,2
15,SFI,developing,3,bad_rep|rep_drop|gossip_target,1.0,-4.0,med,0.0,0.29402009715923866,0.29402009715923866,0.0,44795.0,44795.0,3
15,SFI,developing,4,bad_rep|gossip_target,1.0,0.0,imm,0.4455254504983877,0.2429345869000256,-0.20259086359836212,44795.0,44795.0,0.0,1
15,SFI,developing,4,bad_rep|gossip_target,1.0,0.0,short,0.4455254504983877,0.21826742048966413,-0.22725803000872358,44795.0,44795.0,0.0,2
15,SFI,developing,4,bad_rep|gossip_target,1.0,0.0,med,0.4455254504983877,0.20404609024527606,-0.24147936025311165,44795.0,44795.0,0.0,3
15,SFI,developing,11,rep_drop,4.16,-1.7999999999999998,imm,0.5065985180690663,0.1502906214606945,-0.3563078966083718,100000.0,44795.0,-55205.0,1
15,SFI,developing,11,rep_drop,4.16,-1.7999999999999998,short,0.5065985180690663,0.26264981418672484,-0.24394870388234147,100000.0,82397.5,-17602.5,2
15,SFI,developing,11,rep_drop,4.16,-1.7999999999999998,med,0.5065985180690663,0.4199092100468977,-0.08668930802216862,100000.0,121598.33333333333,21598.33333333333,3
15,SFI,developing,16,rep_drop,4.92,-1.7599999999999998,imm,0.4073657785045181,0.209987547738419,-0.19737823076609912,100000.0,100000.0,0.0,1
15,SFI,developing,16,rep_drop,4.92,-1.7599999999999998,short,0.4073657785045181,0.20093131250120044,-0.20643446600331766,100000.0,100000.0,0.0,2
15,SFI,developing,16,rep_drop,4.92,-1.7599999999999998,med,0.4073657785045181,0.19458124747046365,-0.21278453103405445,100000.0,100000.0,0.0,3
15,SFI,developing,23,bad_rep|rep_drop|gossip_target,1.0,-4.84,imm,0.2852172393774504,0.0,-0.2852172393774504,100000.0,0.0,-100000.0,1
15,SFI,developing,23,bad_rep|rep_drop|gossip_target,1.0,-4.84,short,0.2852172393774504,0.00090734014044165,-0.2843098992370088,100000.0,534.5,-99465.5,2
15,SFI,developing,23,bad_rep|rep_drop|gossip_target,1.0,-4.84,med,0.2852172393774504,0.0557739887842675,-0.2294432505931829,100000.0,38316.0,-61684.0,3
15,SFI,developing,25,bad_rep|rep_drop,1.36,-3.1599999999999997,imm,0.0018146802808833,0.1655072860719192,0.1636926057910359,1069.0,113879.0,112810.0,1
15,SFI,developing,25,bad_rep|rep_drop,1.36,-3.1599999999999997,short,0.0018146802808833,0.0827536430359596,0.0809389627550763,1069.0,56939.5,55870.5,2
15,SFI,developing,25,bad_rep|rep_drop,1.36,-3.1599999999999997,med,0.0018146802808833,1.4313754165943111,1.4295607363134277,1069.0,312253.0,311184.0,3
15,SFI,developing,26,bad_rep|gossip_target,1.0,-0.3600000000000001,imm,0.1655072860719192,0.0,-0.1655072860719192,113879.0,0.0,-113879.0,1
15,SFI,developing,26,bad_rep|gossip_target,1.0,-0.3600000000000001,short,0.1655072860719192,2.0643094818555072,1.898802195783588,113879.0,411440.0,297561.0,2
15,SFI,developing,26,bad_rep|gossip_target,1.0,-0.3600000000000001,med,0.1655072860719192,1.3762063212370048,1.2106990351650857,113879.0,274293.3333333333,160414.3333333333,3
15,SFI,developing,28,bad_rep|rep_drop|gossip_target,1.0,-5.08,imm,4.1286189637110144,0.0,-4.1286189637110144,822880.0,0.0,-822880.0,1
15,SFI,developing,28,bad_rep|rep_drop|gossip_target,1.0,-5.08,short,4.1286189637110144,0.8218694288993698,-3.3067495348116447,822880.0,150000.0,-672880.0,2
15,SFI,developing,28,bad_rep|rep_drop|gossip_target,1.0,-5.08,med,4.1286189637110144,0.8218694288993698,-3.3067495348116447,822880.0,150000.0,-672880.0,2
16,SI,developed,7,rep_drop,5.36,-1.3199999999999994,imm,0.1026158788529248,0.084164029184195,-0.0184518496687298,1200000.0,1200000.0,0.0,1
16,SI,developed,7,rep_drop,5.36,-1.3199999999999994,short,0.1026158788529248,0.0731723877641122,-0.0294434910888126,1200000.0,1200000.0,0.0,2
16,SI,developed,7,rep_drop,5.36,-1.3199999999999994,med,0.1026158788529248,0.06536513974046664,-0.03725073911245816,1200000.0,1200000.0,0.0,3
16,SI,developed,9,gossip_target,5.56,0.5599999999999996,imm,0.0621807463440294,0.0497506436931755,-0.012430102650853897,1200000.0,1200000.0,0.0,1
16,SI,developed,9,gossip_target,5.56,0.5599999999999996,short,0.0621807463440294,0.043843711796118054,-0.018337034547911343,1200000.0,1200000.0,0.0,2
16,SI,developed,9,gossip_target,5.56,0.5599999999999996,med,0.0621807463440294,0.13871526913256202,0.07653452278853262,1200000.0,4800000.0,3600000.0,3
16,SI,developed,12,rep_drop,5.0,-1.3200000000000005,imm,0.3284583838054499,0.2753873084206417,-0.05307107538480821,12000000.0,12000000.0,0.0,1
16,SI,developed,12,rep_drop,5.0,-1.3200000000000005,short,0.3284583838054499,0.25377719594961895,-0.07468118785583094,12000000.0,12000000.0,0.0,2
16,SI,developed,12,rep_drop,5.0,-1.3200000000000005,med,0.3284583838054499,0.23305653515146618,-0.09540184865398371,12000000.0,12000000.0,0.0,3
16,SI,developed,14,rep_drop,4.0,-1.96,imm,0.2321670834785962,0.1916152135551607,-0.040551869923435485,12000000.0,12000000.0,0.0,1
16,SI,developed,14,rep_drop,4.0,-1.96,short,0.2321670834785962,0.17169936990453305,-0.06046771357406314,12000000.0,12000000.0,0.0,2
16,SI,developed,14,rep_drop,4.0,-1.96,med,0.2321670834785962,0.15816437409441522,-0.07400270938418096,12000000.0,12000000.0,0.0,3
16,SI,developed,15,bad_rep|rep_drop|gossip_target,2.76,-1.2400000000000002,imm,0.1916152135551607,0.1517835262539054,-0.0398316873012553,12000000.0,12000000.0,0.0,1
16,SI,developed,15,bad_rep|rep_drop|gossip_target,2.76,-1.2400000000000002,short,0.1916152135551607,0.1414389543640425,-0.050176259191118205,12000000.0,12000000.0,0.0,2
16,SI,developed,15,bad_rep|rep_drop|gossip_target,2.76,-1.2400000000000002,med,0.1916152135551607,0.13042905571434377,-0.061186157840816935,12000000.0,12000000.0,0.0,3
16,SI,developed,19,rep_drop,5.0,-1.3200000000000005,imm,0.0775958012829156,0.0834937606416102,0.005897959358694596,10000000.0,12000000.0,2000000.0,1
16,SI,developed,19,rep_drop,5.0,-1.3200000000000005,short,0.0775958012829156,0.07278841725799075,-0.004807384024924852,10000000.0,11000000.0,1000000.0,2
16,SI,developed,19,rep_drop,5.0,-1.3200000000000005,med,0.0775958012829156,0.06692385292030684,-0.010671948362608763,10000000.0,10875400.0,875400.0,3
16,SI,developed,24,rep_drop,5.24,-1.08,imm,0.0452662006293779,0.0406483075532462,-0.004617893076131703,10626200.0,10000000.0,-626200.0,1
16,SI,developed,24,rep_drop,5.24,-1.08,short,0.0452662006293779,0.038397712772794496,-0.006868487856583408,10626200.0,10000000.0,-626200.0,2
16,SI,developed,24,rep_drop,5.24,-1.08,med,0.0452662006293779,0.03683760405798723,-0.008428596571390674,10626200.0,10208733.333333334,-417466.66666666605,3
17,SFI,developing,2,bad_rep|rep_drop,1.0,-4.0,imm,0.0023573354081477,0.0670317897354298,0.0646744543272821,1000.0,30830.0,29830.0,1
17,SFI,developing,2,bad_rep|rep_drop,1.0,-4.0,short,0.0023573354081477,0.06741146441003346,0.06505412900188576,1000.0,30830.0,29830.0,2
17,SFI,developing,2,bad_rep|rep_drop,1.0,-4.0,med,0.0023573354081477,0.0635382081269694,0.06118087271882171,1000.0,30830.0,29830.0,3
17,SFI,developing,4,rep_drop,5.16,-1.88,imm,0.0677911390846371,0.0557916955608413,-0.011999443523795804,30830.0,30830.0,0.0,1
17,SFI,developing,4,rep_drop,5.16,-1.88,short,0.0677911390846371,0.0530203772470313,-0.014770761837605804,30830.0,30830.0,0.0,2
17,SFI,developing,4,rep_drop,5.16,-1.88,med,0.0677911390846371,0.051127511221911004,-0.0166636278627261,30830.0,30830.0,0.0,3
17,SFI,developing,15,rep_drop,5.0,-1.3200000000000005,imm,0.0202314293271859,0.0190482118441482,-0.001183217483037697,30830.0,30830.0,0.0,1
17,SFI,developing,15,rep_drop,5.0,-1.3200000000000005,short,0.0202314293271859,0.017559306661725102,-0.0026721226654607966,30830.0,30830.0,0.0,2
17,SFI,developing,15,rep_drop,5.0,-1.3200000000000005,med,0.0202314293271859,0.016762232144086633,-0.003469197183099265,30830.0,30830.0,0.0,3
17,SFI,developing,17,rep_drop,5.0,-1.4400000000000004,imm,0.016070401479302,0.0151680831088097,-0.0009023183704922992,30830.0,30830.0,0.0,1
17,SFI,developing,17,rep_drop,5.0,-1.4400000000000004,short,0.016070401479302,0.014819891877764599,-0.0012505096015374,30830.0,30830.0,0.0,2
17,SFI,developing,17,rep_drop,5.0,-1.4400000000000004,med,0.016070401479302,0.014353908053581832,-0.001716493425720167,30830.0,30830.0,0.0,3
17,SFI,developing,22,rep_drop,5.0,-1.6799999999999995,imm,0.0124426898848109,0.0120540153941076,-0.0003886744907032995,30830.0,30830.0,0.0,1
17,SFI,developing,22,rep_drop,5.0,-1.6799999999999995,short,0.0124426898848109,0.01196258218332365,-0.00048010770148724895,30830.0,30830.0,0.0,2
17,SFI,developing,22,rep_drop,5.0,-1.6799999999999995,med,0.0124426898848109,0.011731781472517433,-0.0007109084122934664,30830.0,30830.0,0.0,3
18,SFI,developing,5,bad_rep|rep_drop|gossip_target,1.0,-5.68,imm,0.0347078014902,0.0280976579343499,-0.006610143555850101,11800.0,11800.0,0.0,1
18,SFI,developing,5,bad_rep|rep_drop|gossip_target,1.0,-5.68,short,0.0347078014902,0.03539482970855205,0.000687028218352051,11800.0,15900.0,4100.0,2
18,SFI,developing,5,bad_rep|rep_drop|gossip_target,1.0,-5.68,med,0.0347078014902,0.030372484571202434,-0.004335316918997568,11800.0,14533.333333333334,2733.333333333334,3
18,SFI,developing,20,bad_rep|rep_drop|gossip_target,1.0,-6.04,imm,0.0,0.0,0.0,0.0,0.0,0.0,1
18,SFI,developing,20,bad_rep|rep_drop|gossip_target,1.0,-6.04,short,0.0,0.0,0.0,0.0,0.0,0.0,2
18,SFI,developing,20,bad_rep|rep_drop|gossip_target,1.0,-6.04,med,0.0,0.016946901599917265,0.016946901599917265,0.0,16666.666666666668,16666.666666666668,3
18,SFI,developing,21,bad_rep|gossip_target,1.0,0.0,imm,0.0,0.0,0.0,0.0,0.0,0.0,1
18,SFI,developing,21,bad_rep|gossip_target,1.0,0.0,short,0.0,0.0254203523998759,0.0254203523998759,0.0,25000.0,25000.0,2
18,SFI,developing,21,bad_rep|gossip_target,1.0,0.0,med,0.0,0.033552248988623905,0.033552248988623905,0.0,33333.333333333336,33333.333333333336,3
18,SFI,developing,22,bad_rep|gossip_target,1.0,0.0,imm,0.0,0.0508407047997518,0.0508407047997518,0.0,50000.0,50000.0,1
18,SFI,developing,22,bad_rep|gossip_target,1.0,0.0,short,0.0,0.050328373482935854,0.050328373482935854,0.0,50000.0,50000.0,2
18,SFI,developing,22,bad_rep|gossip_target,1.0,0.0,med,0.0,1.960251154282342,1.960251154282342,0.0,366666.6666666667,366666.6666666667,3
18,SFI,developing,23,bad_rep|gossip_target,1.0,0.0,imm,0.0508407047997518,0.0498160421661199,-0.0010246626336318995,50000.0,50000.0,0.0,1
18,SFI,developing,23,bad_rep|gossip_target,1.0,0.0,short,0.0508407047997518,2.914956379023637,2.864115674223885,50000.0,525000.0,475000.0,2
18,SFI,developing,23,bad_rep|gossip_target,1.0,0.0,med,0.0508407047997518,1.9433042526824247,1.8924635478826728,50000.0,350000.0,300000.0,3
18,SFI,developing,27,bad_rep|rep_drop|gossip_target,1.0,-4.72,imm,2.862036124989609,0.6764296236237592,-2.18560650136585,385862.0,134820.0,-251042.0,1
18,SFI,developing,27,bad_rep|rep_drop|gossip_target,1.0,-4.72,short,2.862036124989609,0.5865515234705357,-2.2754846015190733,385862.0,117410.0,-268452.0,2
18,SFI,developing,27,bad_rep|rep_drop|gossip_target,1.0,-4.72,med,2.862036124989609,0.39103434898035716,-2.4710017760092517,385862.0,78273.33333333333,-307588.6666666667,3
18,SFI,developing,29,rep_drop,5.0,-1.84,imm,0.4966734233173123,0.0,-0.4966734233173123,100000.0,0.0,-100000.0,1
18,SFI,developing,29,rep_drop,5.0,-1.84,short,0.4966734233173123,0.0,-0.4966734233173123,100000.0,0.0,-100000.0,1
18,SFI,developing,29,rep_drop,5.0,-1.84,med,0.4966734233173123,0.0,-0.4966734233173123,100000.0,0.0,-100000.0,1
19,SFI,developing,2,bad_rep|rep_drop,3.56,-1.44,imm,0.0050871145421318,0.0038784857910483,-0.0012086287510834999,1069.0,1069.0,0.0,1
19,SFI,developing,2,bad_rep|rep_drop,3.56,-1.44,short,0.0050871145421318,0.00371953161871905,-0.00136758292341275,1069.0,1069.0,0.0,2
19,SFI,developing,2,bad_rep|rep_drop,3.56,-1.44,med,0.0050871145421318,0.003312621364509533,-0.0017744931776222665,1069.0,1069.0,0.0,3
19,SFI,developing,8,rep_drop,4.84,-1.96,imm,0.0015083892688474,0.0013018960324583,-0.0002064932363891,1069.0,1069.0,0.0,1
19,SFI,developing,8,rep_drop,4.84,-1.96,short,0.0015083892688474,0.00120709406251455,-0.00030129520633284993,1069.0,1069.0,0.0,2
19,SFI,developing,8,rep_drop,4.84,-1.96,med,0.0015083892688474,0.0011247198044607,-0.0003836694643867,1069.0,1069.0,0.0,3
20,SFI,developing,2,bad_rep|rep_drop,3.08,-1.92,imm,0.0009243896230489,0.0890478271045353,0.08812343748148639,1069.0,100000.0,98931.0,1
20,SFI,developing,2,bad_rep|rep_drop,3.08,-1.92,short,0.0009243896230489,0.0612134128465973,0.0602890232235484,1069.0,68551.5,67482.5,2
20,SFI,developing,2,bad_rep|rep_drop,3.08,-1.92,med,0.0009243896230489,1.4284882370010556,1.4275638473780068,1069.0,379034.3333333333,377965.3333333333,3
20,SFI,developing,11,rep_drop,5.72,-1.2400000000000002,imm,0.564990447625789,0.5045220794478126,-0.060468368177976406,120000.0,120000.0,0.0,1
20,SFI,developing,11,rep_drop,5.72,-1.2400000000000002,short,0.564990447625789,0.48322097741311465,-0.08176947021267433,120000.0,120000.0,0.0,2
20,SFI,developing,11,rep_drop,5.72,-1.2400000000000002,med,0.564990447625789,0.45908026670978686,-0.10591018091600213,120000.0,120000.0,0.0,3
20,SFI,developing,13,rep_drop,5.6,-1.4400000000000004,imm,0.4619198753784168,0.4107988453031314,-0.0511210300752854,120000.0,120000.0,0.0,1
20,SFI,developing,13,rep_drop,5.6,-1.4400000000000004,short,0.4619198753784168,0.3930257018383969,-0.06889417354001987,120000.0,120000.0,0.0,2
20,SFI,developing,13,rep_drop,5.6,-1.4400000000000004,med,0.4619198753784168,0.38499090021415044,-0.07692897516426633,120000.0,120000.0,0.0,3
20,SFI,developing,22,rep_drop,5.0,-1.2000000000000002,imm,1.1687165661590997,1.6489477821031338,0.48023121594403406,213382.0,182578.0,-30804.0,1
20,SFI,developing,22,rep_drop,5.0,-1.2000000000000002,short,1.1687165661590997,0.8244738910515669,-0.3442426751075328,213382.0,91289.0,-122093.0,2
20,SFI,developing,22,rep_drop,5.0,-1.2000000000000002,med,1.1687165661590997,0.7421921874774148,-0.4265243786816849,213382.0,103608.0,-109774.0,3
20,SFI,developing,25,bad_rep|rep_drop,1.0,-5.6,imm,0.5776287803291108,0.3146982650204122,-0.2629305153086986,128246.0,104096.0,-24150.0,1
20,SFI,developing,25,bad_rep|rep_drop,1.0,-5.6,short,0.5776287803291108,0.34742498143839684,-0.23020379889071396,128246.0,116171.0,-12075.0,2
20,SFI,developing,25,bad_rep|rep_drop,1.0,-5.6,med,0.5776287803291108,0.3362852562254417,-0.2413435241036691,128246.0,120196.0,-8050.0,3
21,SI,developed,5,rep_drop,5.0,-1.08,imm,2.273166560806559,0.3571503190334512,-1.9160162417731081,6529794.0,1200000.0,-5329794.0,1
21,SI,developed,5,rep_drop,5.0,-1.08,short,2.273166560806559,0.28379941028323163,-1.9893671505233277,6529794.0,1200000.0,-5329794.0,2
21,SI,developed,5,rep_drop,5.0,-1.08,med,2.273166560806559,0.29642586577757746,-1.9767406950289819,6529794.0,1568582.3333333333,-4961211.666666667,3
21,SI,developed,8,rep_drop,4.04,-2.28,imm,0.3216787767662691,0.289422720592997,-0.032256056173272096,2305747.0,3000000.0,694253.0,1
21,SI,developed,8,rep_drop,4.04,-2.28,short,0.3216787767662691,0.27670916583413946,-0.044969610932129644,2305747.0,3494780.0,1189033.0,2
21,SI,developed,8,rep_drop,4.04,-2.28,med,0.3216787767662691,0.3376178588023023,0.01593908203603317,2305747.0,4996520.0,2690773.0,3
21,SI,developed,12,bad_rep|rep_drop|gossip_target,3.0,-3.68,imm,0.5369174425986261,0.4082066009261577,-0.12871084167246838,12000000.0,12000000.0,0.0,1
21,SI,developed,12,bad_rep|rep_drop|gossip_target,3.0,-3.68,short,0.5369174425986261,0.3639919554249958,-0.17292548717363027,12000000.0,12000000.0,0.0,2
21,SI,developed,12,bad_rep|rep_drop|gossip_target,3.0,-3.68,med,0.5369174425986261,0.3251997410137964,-0.21171770158482967,12000000.0,12000000.0,0.0,3
21,SI,developed,19,bad_rep|rep_drop,3.48,-1.8800000000000003,imm,0.282676956811446,0.4436162276251408,0.1609392708136948,20000000.0,30000000.0,10000000.0,1
21,SI,developed,19,bad_rep|rep_drop,3.48,-1.8800000000000003,short,0.282676956811446,0.4526259879691778,0.1699490311577318,20000000.0,30000000.0,10000000.0,2
21,SI,developed,19,bad_rep|rep_drop,3.48,-1.8800000000000003,med,0.282676956811446,0.4315173046157548,0.14884034780430883,20000000.0,30000000.0,10000000.0,3
21,SI,developed,22,rep_drop,5.0,-1.5599999999999996,imm,0.389299937908909,0.3564651554910473,-0.032834782417861696,30000000.0,30000000.0,0.0,1
21,SI,developed,22,rep_drop,5.0,-1.5599999999999996,short,0.389299937908909,0.3651475173180794,-0.024152420590829615,30000000.0,30000000.0,0.0,2
21,SI,developed,22,rep_drop,5.0,-1.5599999999999996,med,0.389299937908909,0.3832538946367281,-0.00604604327218089,30000000.0,30000000.0,0.0,3
21,SI,developed,26,rep_drop,5.0,-1.5599999999999996,imm,0.3650200231368669,0.2960802833347244,-0.06893973980214246,30000000.0,30000000.0,0.0,1
21,SI,developed,26,rep_drop,5.0,-1.5599999999999996,short,0.3650200231368669,0.29457400724026384,-0.07044601589660304,30000000.0,30000000.0,0.0,2
21,SI,developed,26,rep_drop,5.0,-1.5599999999999996,med,0.3650200231368669,0.2265834626008162,-0.1384365605360507,30000000.0,23333333.333333332,-6666666.666666668,3
21,SI,developed,29,rep_drop,5.0,-1.3200000000000005,imm,0.0906023733219209,0.0850653845040274,-0.0055369888178935095,10000000.0,10000000.0,0.0,1
21,SI,developed,29,rep_drop,5.0,-1.3200000000000005,short,0.0906023733219209,0.0850653845040274,-0.0055369888178935095,10000000.0,10000000.0,0.0,1
21,SI,developed,29,rep_drop,5.0,-1.3200000000000005,med,0.0906023733219209,0.0850653845040274,-0.0055369888178935095,10000000.0,10000000.0,0.0,1
22,SI,developed,5,rep_drop,5.0,-1.5999999999999996,imm,0.0039581140211924,0.0032656152282448,-0.0006924987929475997,30830.0,30830.0,0.0,1
22,SI,developed,5,rep_drop,5.0,-1.5999999999999996,short,0.0039581140211924,0.0525650173014185,0.0486069032802261,30830.0,615415.0,584585.0,2
22,SI,developed,5,rep_drop,5.0,-1.5999999999999996,med,0.0039581140211924,0.06293871415401943,0.05898060013282703,30830.0,810276.6666666666,779446.6666666666,3
22,SI,developed,14,rep_drop,4.68,-1.04,imm,0.5178247088448585,0.4810221775146669,-0.036802531330191623,20000000.0,20000000.0,0.0,1
22,SI,developed,14,rep_drop,4.68,-1.04,short,0.5178247088448585,0.3439376286404378,-0.17388708020442073,20000000.0,16000000.0,-4000000.0,2
22,SI,developed,14,rep_drop,4.68,-1.04,med,0.5178247088448585,0.28603739890758084,-0.2317873099372777,20000000.0,14666666.666666666,-5333333.333333334,3
22,SI,developed,15,bad_rep|rep_drop,3.16,-1.5199999999999996,imm,0.4810221775146669,0.2068530797662087,-0.2741690977484582,20000000.0,12000000.0,-8000000.0,1
22,SI,developed,15,bad_rep|rep_drop,3.16,-1.5199999999999996,short,0.4810221775146669,0.1885450096040378,-0.2924771679106291,20000000.0,12000000.0,-8000000.0,2
22,SI,developed,15,bad_rep|rep_drop,3.16,-1.5199999999999996,med,0.4810221775146669,0.1834046962988507,-0.2976174812158162,20000000.0,13000000.0,-7000000.0,3
22,SI,developed,26,bad_rep|rep_drop|gossip_target,1.0,-4.72,imm,0.206503980820604,0.2586521704486786,0.052148189628074604,20000000.0,30000000.0,10000000.0,1
22,SI,developed,26,bad_rep|rep_drop|gossip_target,1.0,-4.72,short,0.206503980820604,0.26168505955231613,0.05518107873171213,20000000.0,30386581.5,10386581.5,2
22,SI,developed,26,bad_rep|rep_drop|gossip_target,1.0,-4.72,med,0.206503980820604,0.2031052109922703,-0.003398769828333703,20000000.0,23799787.666666668,3799787.666666668,3
23,SI,developed,5,bad_rep|rep_drop|gossip_target,1.36,-3.88,imm,0.0381733974037743,0.3353513735679267,0.2971779761641524,391596.0,3000000.0,2608404.0,1
23,SI,developed,5,bad_rep|rep_drop|gossip_target,1.36,-3.88,short,0.0381733974037743,0.16767568678396336,0.12950228938018904,391596.0,1500000.0,1108404.0,2
23,SI,developed,5,bad_rep|rep_drop|gossip_target,1.36,-3.88,med,0.0381733974037743,0.3071554267236791,0.26898202931990484,391596.0,3000000.0,2608404.0,3
23,SI,developed,8,bad_rep|rep_drop|gossip_target,1.0,-4.0,imm,0.5861149066031106,0.3197690943106395,-0.2663458122924711,6000000.0,4000000.0,-2000000.0,1
23,SI,developed,8,bad_rep|rep_drop|gossip_target,1.0,-4.0,short,0.5861149066031106,0.6045609374400561,0.018446030836945515,6000000.0,7000000.0,1000000.0,2
23,SI,developed,8,bad_rep|rep_drop|gossip_target,1.0,-4.0,med,0.5861149066031106,0.4802925183276576,-0.10582238827545298,6000000.0,6000000.0,0.0,3
23,SI,developed,10,rep_drop,4.28,-2.04,imm,0.8893527805694728,0.2317556801028606,-0.6575971004666121,10000000.0,4000000.0,-6000000.0,1
23,SI,developed,10,rep_drop,4.28,-2.04,short,0.8893527805694728,0.3864785755785056,-0.5028742049909671,10000000.0,8000000.0,-2000000.0,2
23,SI,developed,10,rep_drop,4.28,-2.04,med,0.8893527805694728,0.36442928560632987,-0.524923494963143,10000000.0,8666666.666666666,-1333333.333333334,3
23,SI,developed,11,bad_rep,3.4,-0.8800000000000003,imm,0.2317556801028606,0.5412014710541506,0.30944579095129,4000000.0,12000000.0,8000000.0,1
23,SI,developed,11,bad_rep,3.4,-0.8800000000000003,short,0.2317556801028606,0.4307660883580645,0.1990104082552039,4000000.0,11000000.0,7000000.0,2
23,SI,developed,11,bad_rep,3.4,-0.8800000000000003,med,0.2317556801028606,0.388243159388606,0.15648747928574538,4000000.0,11333333.333333334,7333333.333333334,3
23,SI,developed,17,rep_drop,5.0,-1.7999999999999998,imm,0.5131808353606901,0.2872952226209883,-0.22588561273970187,30000000.0,20000000.0,-10000000.0,1
23,SI,developed,17,rep_drop,5.0,-1.7999999999999998,short,0.5131808353606901,0.2675512668016858,-0.24562956855900436,30000000.0,19711999.0,-10288001.0,2
23,SI,developed,17,rep_drop,5.0,-1.7999999999999998,med,0.5131808353606901,0.2538118395193102,-0.25936899584137996,30000000.0,19615998.666666668,-10384001.333333332,3
23,SI,developed,19,rep_drop,4.32,-1.2799999999999994,imm,0.2478073109823833,0.226332984954559,-0.021474326027824286,19423998.0,19423998.0,0.0,1
23,SI,developed,19,rep_drop,4.32,-1.2799999999999994,short,0.2478073109823833,0.21673800848314165,-0.03106930249924164,19423998.0,19423998.0,0.0,2
23,SI,developed,19,rep_drop,4.32,-1.2799999999999994,med,0.2478073109823833,0.2001013499668354,-0.04770596101554789,19423998.0,19423998.0,0.0,3
23,SI,developed,27,rep_drop,4.84,-2.4400000000000004,imm,0.4948330560441001,0.2790697923634418,-0.2157632636806583,30000000.0,20000000.0,-10000000.0,1
23,SI,developed,27,rep_drop,4.84,-2.4400000000000004,short,0.4948330560441001,0.14517604949024246,-0.3496570065538577,30000000.0,10500000.0,-19500000.0,2
23,SI,developed,27,rep_drop,4.84,-2.4400000000000004,med,0.4948330560441001,0.14019354654802443,-0.3546395094960757,30000000.0,11064272.0,-18935728.0,3
24,SFI,developing,2,bad_rep|rep_drop,3.12,-1.88,imm,0.0,0.04266100531561,0.04266100531561,0.0,100000.0,100000.0,1
24,SFI,developing,2,bad_rep|rep_drop,3.12,-1.88,short,0.0,0.021330502657805,0.021330502657805,0.0,50000.0,50000.0,2
24,SFI,developing,2,bad_rep|rep_drop,3.12,-1.88,med,0.0,0.014220335105203333,0.014220335105203333,0.0,33333.333333333336,33333.333333333336,3
24,SFI,developing,3,bad_rep|rep_drop|gossip_target,1.0,-2.12,imm,0.04266100531561,0.0,-0.04266100531561,100000.0,0.0,-100000.0,1
24,SFI,developing,3,bad_rep|rep_drop|gossip_target,1.0,-2.12,short,0.04266100531561,0.0,-0.04266100531561,100000.0,0.0,-100000.0,2
24,SFI,developing,3,bad_rep|rep_drop|gossip_target,1.0,-2.12,med,0.04266100531561,0.013386000130142501,-0.029275005185467495,100000.0,33333.333333333336,-66666.66666666666,3
24,SFI,developing,5,bad_rep|rep_drop,1.0,-4.36,imm,0.0,0.0401580003904275,0.0401580003904275,0.0,100000.0,100000.0,1
24,SFI,developing,5,bad_rep|rep_drop,1.0,-4.36,short,0.0,0.02007900019521375,0.02007900019521375,0.0,50000.0,50000.0,2
24,SFI,developing,5,bad_rep|rep_drop,1.0,-4.36,med,0.0,0.030122354844917404,0.030122354844917404,0.0,76082.0,76082.0,3
24,SFI,developing,6,bad_rep|gossip_target,1.0,0.0,imm,0.0401580003904275,0.0,-0.0401580003904275,100000.0,0.0,-100000.0,1
24,SFI,developing,6,bad_rep|gossip_target,1.0,0.0,short,0.0401580003904275,0.02510453207216235,-0.01505346831826515,100000.0,64123.0,-35877.0,2
24,SFI,developing,6,bad_rep|gossip_target,1.0,0.0,med,0.0401580003904275,0.0167363547147749,-0.0234216456756526,100000.0,42748.666666666664,-57251.333333333336,3
24,SFI,developing,8,bad_rep|rep_drop|gossip_target,1.0,-4.12,imm,0.0502090641443247,0.0,-0.0502090641443247,128246.0,0.0,-128246.0,1
24,SFI,developing,8,bad_rep|rep_drop|gossip_target,1.0,-4.12,short,0.0502090641443247,0.0,-0.0502090641443247,128246.0,0.0,-128246.0,2
24,SFI,developing,8,bad_rep|rep_drop|gossip_target,1.0,-4.12,med,0.0502090641443247,0.015083827091833235,-0.035125237052491466,128246.0,42748.666666666664,-85497.33333333334,3
24,SFI,developing,10,bad_rep|rep_drop|gossip_target,1.0,-4.12,imm,0.0,0.0452514812754997,0.0452514812754997,0.0,128246.0,128246.0,1
24,SFI,developing,10,bad_rep|rep_drop|gossip_target,1.0,-4.12,short,0.0,0.04511491593628715,0.04511491593628715,0.0,128246.0,128246.0,2
24,SFI,developing,10,bad_rep|rep_drop|gossip_target,1.0,-4.12,med,0.0,0.04499775018717007,0.04499775018717007,0.0,128246.0,128246.0,3
24,SFI,developing,11,bad_rep|gossip_target,1.0,0.0,imm,0.0452514812754997,0.0449783505970746,-0.0002731306784251042,128246.0,128246.0,0.0,1
24,SFI,developing,11,bad_rep|gossip_target,1.0,0.0,short,0.0452514812754997,0.044870884643005246,-0.0003805966324944565,128246.0,128246.0,0.0,2
24,SFI,developing,11,bad_rep|gossip_target,1.0,0.0,med,0.0452514812754997,0.04471068371499367,-0.0005407975605060331,128246.0,128246.0,0.0,3
24,SFI,developing,22,rep_drop,5.0,-1.08,imm,0.0403230718354202,0.040546454348467,0.00022338251304680062,128246.0,128246.0,0.0,1
24,SFI,developing,22,rep_drop,5.0,-1.08,short,0.0403230718354202,0.0409252708192854,0.0006021989838652028,128246.0,128246.0,0.0,2
24,SFI,developing,22,rep_drop,5.0,-1.08,med,0.0403230718354202,0.040871810879304166,0.0005487390438839654,128246.0,128246.0,0.0,3
25,SI,developed,2,bad_rep|rep_drop,1.0,-4.0,imm,0.0130904319327647,0.1672857764554816,0.15419534452271688,100000.0,1500000.0,1400000.0,1
25,SI,developed,2,bad_rep|rep_drop,1.0,-4.0,short,0.0130904319327647,0.0836428882277408,0.0705524562949761,100000.0,750000.0,650000.0,2
25,SI,developed,2,bad_rep|rep_drop,1.0,-4.0,med,0.0130904319327647,0.23629739687071438,0.22320696493794967,100000.0,2166666.6666666665,2066666.6666666665,3
25,SI,developed,5,bad_rep|rep_drop,1.0,-6.16,imm,0.5416064141566616,0.3793011421971155,-0.16230527195954603,5000000.0,3000000.0,-2000000.0,1
25,SI,developed,5,bad_rep|rep_drop,1.0,-6.16,short,0.5416064141566616,0.5734841398805199,0.031877725723858386,5000000.0,4000000.0,-1000000.0,2
25,SI,developed,5,bad_rep|rep_drop,1.0,-6.16,med,0.5416064141566616,0.59485643840554,0.05325002424887848,5000000.0,4000000.0,-1000000.0,3
25,SI,developed,9,rep_drop|gossip_target,4.72,-1.760000000000001,imm,0.6646155508306214,0.3366079414093934,-0.32800760942122803,5000000.0,4000000.0,-1000000.0,1
25,SI,developed,9,rep_drop|gossip_target,4.72,-1.760000000000001,short,0.6646155508306214,0.46264569838938463,-0.20196985244123677,5000000.0,6000000.0,1000000.0,2
25,SI,developed,9,rep_drop|gossip_target,4.72,-1.760000000000001,med,0.6646155508306214,0.3737312827796259,-0.2908842680509955,5000000.0,5666666.666666667,666666.666666667,3
25,SI,developed,21,bad_rep|rep_drop|gossip_target,2.44,-1.9200000000000004,imm,0.1620543029060041,0.2866922077611564,0.1246379048551523,15000000.0,30000000.0,15000000.0,1
25,SI,developed,21,bad_rep|rep_drop|gossip_target,2.44,-1.9200000000000004,short,0.1620543029060041,1.5535946801363,1.3915403772302959,15000000.0,67320919.5,52320919.5,2
25,SI,developed,21,bad_rep|rep_drop|gossip_target,2.44,-1.9200000000000004,med,0.1620543029060041,1.1981565815898996,1.0361022786838956,15000000.0,51547279.666666664,36547279.666666664,3
