seed,round_number,institution_choice,n,mean_prop,median_prop,std_prop,mean_contribution,mean_wealth
seed1,1,ALL,26,0.23141811465856874,0.0,0.6308968101343805,367553.8461538461,2525136.6923076925
seed1,2,ALL,26,0.44513200086623367,0.01678736081881175,1.6216409334652153,972254.5384615385,3107737.261538461
seed1,3,ALL,26,0.2653599682464516,0.07471584310184815,0.4242066242094622,838316.8076923077,3572089.0384615385
seed1,4,ALL,26,0.21384515050428451,0.05229810496307545,0.3968542644450911,700598.8076923077,3954852.707692308
seed1,5,ALL,26,0.3381896498485114,0.04551889930674555,0.9025248999043634,858728.6538461539,4389642.130769231
seed1,6,ALL,26,0.2766382426918588,0.033696696434874704,0.9140316540610961,516689.53846153844,4697687.853846153
seed1,7,ALL,26,0.24764815853810618,0.11325924062371465,0.3259256195901435,1044717.9230769231,5260675.06923077
seed1,8,ALL,26,0.3182007077869962,0.10911811935967469,0.6947411587848041,1129581.576923077,5935896.323076922
seed1,9,ALL,26,0.31065180182319657,0.2536557347402193,0.390435409539014,1841464.7692307692,7036560.723076924
seed1,10,ALL,26,0.39591612345794186,0.2583362744328652,0.5750609439083899,2571654.3076923075,8379374.153846154
seed1,11,ALL,26,0.3115279367936191,0.3606944451459727,0.23440758306006013,3022972.846153846,10031235.015384616
seed1,12,ALL,26,0.33824385443448496,0.3345884149189919,0.2812911788308254,4933566.884615385,12708268.761538463
seed1,13,ALL,26,0.3074973251401433,0.3096110680953825,0.2119317183060675,5540774.038461538,16025966.415384617
seed1,14,ALL,26,0.30986443408521286,0.30718973598493854,0.2622794019866241,5851963.653846154,19329477.069230773
seed1,15,ALL,26,0.309880452034156,0.25550956124848506,0.28568823196330656,6670803.038461538,23327634.58461539
seed1,16,ALL,26,0.3121266845218311,0.22065480198152748,0.392669388164039,8247369.038461538,28271621.469230775
seed1,17,ALL,26,0.3967996550185775,0.19011224359014295,1.0888114467811154,7173079.653846154,32572901.87692309
seed1,18,ALL,26,0.2534878028230731,0.1824995734762292,0.37673101515675905,9035858.5,37993989.82307693
seed1,19,ALL,26,0.18130496500715873,0.1897356226359383,0.1613625413332976,8176914.307692308,42898428.25384616
seed1,20,ALL,26,0.2833034934933899,0.16122968622060496,0.5399607262491042,7814371.730769231,47585228.13846156
seed1,21,ALL,26,0.18578090117759918,0.1407805398180198,0.21189085564483612,7935336.5,52344009.80769233
seed1,22,ALL,26,0.2857983634982903,0.10149153466189764,0.547264774477022,12180062.961538462,59650700.584615394
seed1,23,ALL,26,0.3263433954465856,0.050168763835859845,0.6479116614614019,10737964.26923077,66091748.06923079
seed1,24,ALL,26,0.16472752442569005,0.0280773817516861,0.37770950078017235,7456419.307692308,70302721.80769232
seed1,25,ALL,26,0.3132430112504838,0.04070659927629395,1.1258648187899705,6190831.269230769,74014944.95384616
seed1,26,ALL,26,0.42041412051286015,0.052905100718205395,1.0376355457098,11799007.26923077,81090244.16153847
seed1,27,ALL,26,0.3701142168438558,0.04382545071358585,0.8275925002551701,14218633.807692308,89411295.60000004
seed1,28,ALL,26,0.31314116929600105,0.0469022191056594,0.8025927032723021,9020074.192307692,94819010.50000003
seed1,29,ALL,26,0.11531491861505126,0.03543637849230955,0.23810365141627376,5231297.153846154,97953471.79230769
seed1,30,ALL,26,0.2579550969438088,0.0448224115536311,0.7546100123517391,5018044.192307692,100964260.30769232
seed1,1,SFI,14,0.021760913151822235,0.0,0.04484932894313745,992.8571428571429,421757.14285714284
seed1,2,SFI,14,0.6024716203008716,0.0022792674240058,2.218826911832483,28699.5,438976.8428571429
seed1,3,SFI,14,0.1487183543183415,0.0613371472642287,0.2423232320907334,41595.78571428572,463934.3142857143
seed1,4,SFI,14,0.10471421282467457,0.01982805615711155,0.2082107063642279,16048.857142857143,473563.62857142865
seed1,5,SFI,14,0.3309987752713039,0.012100522129870199,1.1047788614649032,81807.5,520398.1285714287
seed1,6,SFI,14,0.40476070042153484,0.033696696434874704,1.2435986942387371,57364.142857142855,554816.6142857143
seed1,7,SFI,14,0.23828679968826375,0.043971470245292896,0.3982970078103109,42817.5,580507.1142857143
seed1,8,SFI,14,0.3816504321076405,0.04581788294544205,0.939838621185261,77383.85714285714,626937.4285714285
seed1,9,SFI,14,0.22290183370066888,0.07424860217872645,0.26955025929331067,70922.57142857143,669490.9714285714
seed1,10,SFI,14,0.4056144713195512,0.05647101182092335,0.7378739785401182,90960.85714285714,719567.4857142858
seed1,11,SFI,14,0.2810198771539361,0.2426587349583054,0.2689890390190984,95978.42857142857,777154.542857143
seed1,12,SFI,14,0.2786613283249329,0.09990685707348415,0.35487450172011903,90909.92857142857,831700.5
seed1,13,SFI,14,0.2605446615916116,0.1753095559489737,0.26641311643564963,88710.28571428571,884926.6714285715
seed1,14,SFI,14,0.3037335725170035,0.20952784613328443,0.35213869459003483,95205.28571428571,942049.8428571431
seed1,15,SFI,14,0.3170409235277774,0.1617208291833031,0.3833657614428576,92294.28571428571,997426.4142857144
seed1,16,SFI,14,0.25510026747741055,0.15245795518777303,0.30684782478305317,78430.0,1044484.4142857144
seed1,17,SFI,14,0.5290522341826837,0.12562393789073584,1.4918418082574472,206711.92857142858,1168511.5714285716
seed1,18,SFI,14,0.1715660253324882,0.1164574014272576,0.19944491397214556,90596.07142857143,1222869.2142857146
seed1,19,SFI,14,0.1512005647464689,0.0300959231794541,0.1941429908074779,80398.28571428571,1271108.1857142858
seed1,20,SFI,14,0.3626633844653246,0.0287527644210119,0.7322576292503274,123406.64285714286,1345152.1714285717
seed1,21,SFI,14,0.17960713591691801,0.02839912505530105,0.2562517336762134,74453.64285714286,1389824.3571428575
seed1,22,SFI,14,0.21638446407870512,0.014099376528037201,0.367503361792462,77068.07142857143,1436065.2
seed1,23,SFI,14,0.2922802055841466,0.013595991721177,0.5359761601256783,69202.42857142857,1477586.657142857
seed1,24,SFI,14,0.1549891442545423,0.00605140761301575,0.48794271956251434,43893.0,1503922.4571428574
seed1,25,SFI,14,0.473267603489937,0.00648112044152175,1.5353420892786125,105821.71428571429,1567415.4857142859
seed1,26,SFI,14,0.4341466924343965,0.02628090484545175,1.0869144588101352,133034.2857142857,1647236.0571428575
seed1,27,SFI,14,0.3384898573420327,0.01126644903271235,0.7785968830310454,84262.78571428571,1697793.7285714292
seed1,28,SFI,14,0.42352188215705766,0.04429665152674375,1.0841013230928753,124569.0,1772535.1285714286
seed1,29,SFI,14,0.1605431385234528,0.01035228780673815,0.3193828945228155,63767.71428571428,1810795.7571428579
seed1,30,SFI,14,0.42666804462088076,0.0245605443523066,1.0135112288416768,113232.0,1878734.9571428576
seed1,1,SI,12,0.47601818308310634,0.03710676811492105,0.883756666646658,795208.3333333334,4979079.5
seed1,2,SI,12,0.26156911152582263,0.15713852553917268,0.30008348725914724,2073068.75,6221291.083333333
seed1,3,SI,12,0.40144185116257997,0.2202096095481905,0.5496049237527111,1767824.6666666667,7198269.55
seed1,4,SI,12,0.3411645777971628,0.18024220102759325,0.5233201612091352,1499240.4166666667,8016356.633333334
seed1,5,SI,12,0.3465790035219203,0.0898812236582857,0.6392637136529737,1765136.6666666667,8903760.133333333
seed1,6,SI,12,0.12716204200723671,0.02631595539408635,0.16051724412682292,1052569.1666666667,9531037.633333333
seed1,7,SI,12,0.2585697438629225,0.1778544114226783,0.23173317162922916,2213601.75,10720871.016666666
seed1,8,SI,12,0.24417602941291114,0.16482561721679378,0.20486308533953881,2357145.5833333335,12129681.699999997
seed1,9,SI,12,0.4130267646328123,0.31858924679665085,0.4892370110730817,3907097.3333333335,14464808.766666668
seed1,10,SI,12,0.3846013842860642,0.3057186550686811,0.3284356907228223,5465796.666666667,17315815.266666666
seed1,11,SI,12,0.3471206730399159,0.3606944451459727,0.19183895616242103,6437799.666666667,20827662.233333334
seed1,12,SI,12,0.40775680156229566,0.4139703161032316,0.14562268957495672,10583333.333333334,26564265.066666666
seed1,13,SI,12,0.3622754326134303,0.316848574321866,0.1100898679951814,11901515.083333334,33690512.78333334
seed1,14,SI,12,0.31701710591479043,0.30718973598493854,0.0984425913189508,12568181.75,40781475.50000001
seed1,15,SI,12,0.30152656862493094,0.25550956124848506,0.10799322121279076,14345729.916666666,49379544.11666668
seed1,16,SI,12,0.3786575044069884,0.22065480198152748,0.4797787558539871,17777797.916666668,60036614.700000025
seed1,17,SI,12,0.24250497932712023,0.21226897670006875,0.12595483523072923,15300508.666666666,69211357.23333336
seed1,18,SI,12,0.3490632098954222,0.18637522731234568,0.5069934998936773,19471998.0,80893630.53333335
seed1,19,SI,12,0.21642676531129687,0.2220879538426234,0.11015150438981598,17622849.666666668,91463635.00000001
seed1,20,SI,12,0.19071695402613287,0.1943046632469975,0.1075700553677889,16787164.333333332,101531983.43333335
seed1,21,SI,12,0.19298362731506058,0.16869051466284068,0.1559845091492986,17106366.5,111790559.50000006
seed1,22,SI,12,0.36678124615447305,0.16180046904019624,0.7125849348453606,26300223.666666668,127567775.2
seed1,23,SI,12,0.3660837836194311,0.1193858571045065,0.7818989970500132,23184853.083333332,141474936.38333336
seed1,24,SI,12,0.17608896795869575,0.051750144900244446,0.206395408810923,16104366.666666666,150567987.71666673
seed1,25,SI,12,0.1265476536377884,0.06358313093690851,0.15607061045906145,13290009.083333334,158537062.66666672
seed1,26,SI,12,0.404392786604401,0.0695865020389354,1.024849800341955,25409309.083333332,173773753.6166667
seed1,27,SI,12,0.4070093029293161,0.10257890442370049,0.915106894421226,30708733.333333332,191743714.45000002
seed1,28,SI,12,0.1843636709581018,0.0483408223895126,0.2035400354618961,19398163.583333332,203373231.76666677
seed1,29,SI,12,0.06254866205524943,0.0453115183853211,0.05153416088898483,11260081.5,210119927.16666663
seed1,30,SI,12,0.061123324653891496,0.050638274986691004,0.04137615112735581,10740325.083333334,216564039.8833334
seed2,1,ALL,26,0.3491524663659086,0.02401224507334105,0.6769702978723208,1301006.5384615385,3085531.5384615385
seed2,2,ALL,26,0.37994796341155407,0.2677873817634092,0.48271314673836313,904936.4230769231,3627887.3923076917
seed2,3,ALL,26,0.4477168749796894,0.14002301854647875,0.9075915218009523,1533634.7307692308,4547083.846153847
seed2,4,ALL,26,0.49418035824359313,0.2366200468820513,0.7282686404215502,1918633.3461538462,5697437.007692307
seed2,5,ALL,26,0.45314756051987426,0.25161139907671815,0.5386750663463536,2152708.6923076925,6985546.607692308
seed2,6,ALL,26,0.3826731914622339,0.3317632234653553,0.36778781409910627,2430605.153846154,8442515.123076923
seed2,7,ALL,26,0.3991506286184051,0.32383597482474447,0.5176074015346437,3778203.1153846155,10706845.184615385
seed2,8,ALL,26,0.43573161878993105,0.4054450396736289,0.33650950166358373,6411035.038461538,14459271.707692306
seed2,9,ALL,26,0.353996931429272,0.3170315271524638,0.2541616642777498,7260252.384615385,18814351.792307697
seed2,10,ALL,26,0.2925151860165113,0.2772728642902472,0.22741870219746046,8133743.961538462,23687648.400000002
seed2,11,ALL,26,0.4712894016971984,0.22243452738902,0.7688092566990441,8974705.846153846,29071996.676923078
seed2,12,ALL,26,0.41791479302178836,0.27496201170350554,0.6699432901815323,9732011.346153846,34910629.561538465
seed2,13,ALL,26,0.3924996832801822,0.2935210059548211,0.5486789927253234,9656628.538461538,40703591.64615385
seed2,14,ALL,26,0.3313363724085888,0.2826791672675487,0.3480597986382603,12018820.153846154,47912207.85384616
seed2,15,ALL,26,0.33076834186112725,0.22078174698123326,0.5262241321354284,15305317.346153846,57092183.607692316
seed2,16,ALL,26,0.36391784032899077,0.23073125765202296,0.5929555692224315,15529801.0,66409537.97692308
seed2,17,ALL,26,0.460950891256554,0.1548530273892412,0.7376273184360899,22102135.846153848,79669424.56153847
seed2,18,ALL,26,0.20096312048876344,0.05172533980992975,0.2728144997064575,13689071.692307692,87881594.53846154
seed2,19,ALL,26,0.24226401322497063,0.1300120627419099,0.39824804728647983,14631419.346153846,96659991.26153845
seed2,20,ALL,26,0.3415787169884595,0.08864084381439341,0.9013459320889362,9176474.961538462,102164177.0846154
seed2,21,ALL,26,0.34062207257256216,0.1935246019047137,0.4460919026701702,18530613.153846152,113277579.74615386
seed2,22,ALL,26,0.2964972651626142,0.05893699289187655,0.4850776586385513,13276278.307692308,121237089.92307693
seed2,23,ALL,26,0.41984167071527295,0.13914162332990154,0.7680761434497659,31239740.923076924,139980040.63076925
seed2,24,ALL,26,0.2542993833842563,0.0462562664864012,0.5359848283074955,10823490.192307692,146473769.74615386
seed2,25,ALL,26,0.20197151750795225,0.0824921694255696,0.2679954747720807,13953128.807692308,154845617.9538462
seed2,26,ALL,26,0.35011246025111914,0.15167415659066041,0.7343907113674492,23331641.269230768,168844159.90769237
seed2,27,ALL,26,0.510928295583276,0.1105476712163414,0.9176249726750297,50924968.92307692,199398742.9538462
seed2,28,ALL,26,0.20448922265111552,0.1501452899109905,0.21442834371528754,30155533.923076924,217491878.42307693
seed2,29,ALL,26,0.388399437326266,0.14521823441651188,0.7094406626478591,55563257.961538464,250829433.81538466
seed2,30,ALL,26,0.44082990053986015,0.20835559017818905,0.7400551538414353,85866608.0,302348949.4615385
seed2,1,SFI,14,0.3682926710749516,0.02037213697747015,0.8297290943958092,225400.7142857143,556401.857142857
seed2,2,SFI,14,0.3984076707217291,0.05282933297949405,0.6032544204000093,157458.14285714287,650876.742857143
seed2,3,SFI,14,0.42895603857068554,0.1299096745809994,1.104971732430944,147851.42857142858,739587.6
seed2,4,SFI,14,0.5442637288047704,0.1020181788801909,0.9367324185065213,265743.85714285716,899033.9142857142
seed2,5,SFI,14,0.5235250353937558,0.2624072996135448,0.6571455497998505,488493.9285714286,1189880.2714285713
seed2,6,SFI,14,0.3774892728499698,0.3317632234653553,0.3937343708182959,414016.5714285714,1438290.2142857146
seed2,7,SFI,14,0.29383610117177505,0.30234090469858904,0.23753810196770223,420376.78571428574,1690516.2857142861
seed2,8,SFI,14,0.35255773389254325,0.30350835368478535,0.2985841571794171,606381.5,2054345.1857142858
seed2,9,SFI,14,0.26733374205092775,0.2363375166479985,0.21026551190904957,523244.21428571426,2368291.714285715
seed2,10,SFI,14,0.20672105931056423,0.13878583473038034,0.23306419739599352,385127.5,2594868.214285714
seed2,11,SFI,14,0.533248924262199,0.09628008887427746,0.9873371396059484,850434.4285714285,3105128.871428571
seed2,12,SFI,14,0.5227968251215461,0.19218613242393906,0.9003330992937826,1102814.4285714286,3766817.5285714297
seed2,13,SFI,14,0.49698877265544084,0.25963921589244915,0.72939754555411,1303265.4285714286,4548776.785714285
seed2,14,SFI,14,0.3835080282742745,0.38005816690024585,0.46070115017987795,1181907.642857143,5257921.371428572
seed2,15,SFI,14,0.36993261864849547,0.10594992248095685,0.7182475934338851,930320.8571428572,5816113.885714288
seed2,16,SFI,14,0.38469065903746535,0.19546447821048923,0.6998643722508084,1018494.0,6427210.285714285
seed2,17,SFI,14,0.4612511361663307,0.11389519554758354,0.8184954793183917,1347261.2857142857,7235567.0571428565
seed2,18,SFI,14,0.17852179612415922,0.0038180518388865,0.316478618792333,471937.5,7518729.5571428565
seed2,19,SFI,14,0.19104008805679668,0.03956166441410155,0.2773347595273557,803198.6428571428,8000648.742857145
seed2,20,SFI,14,0.5252475846754749,0.1945585249890447,1.2093963188171508,2328284.0,9397619.142857142
seed2,21,SFI,14,0.3709559224748014,0.27193923965087213,0.2955091793600483,3694628.785714286,11614396.414285718
seed2,22,SFI,14,0.24592204976518145,0.2479459316957566,0.23712531952749685,2048629.9285714286,12843574.371428574
seed2,23,SFI,14,0.34614450277057107,0.22043770192278175,0.5769927181776984,3610381.785714286,15009803.442857146
seed2,24,SFI,14,0.3533647237908349,0.14654129897319712,0.7021123319069069,2668445.5714285714,16610870.785714295
seed2,25,SFI,14,0.21338081767420108,0.1653228453478367,0.2263631307886842,2582617.214285714,18160441.11428572
seed2,26,SFI,14,0.28816812650378093,0.3150325992756214,0.20302674660112346,4636942.785714285,20942606.78571429
seed2,27,SFI,14,0.48098978624074806,0.11568071673355851,0.8183838238067371,6001128.5,24543283.885714293
seed2,28,SFI,14,0.1777788966637799,0.14650219428391745,0.20484298950683935,2795241.3571428573,26220428.7
seed2,29,SFI,14,0.2755443082338557,0.16185824946016641,0.3312687806923218,4264049.285714285,28778858.271428578
seed2,30,SFI,14,0.41286993875947037,0.248004988588725,0.5394507455265527,7795241.357142857,33456003.085714288
seed2,1,SI,12,0.3268222275386915,0.22837554553468326,0.4763738271379545,2555880.0,6036182.833333333
seed2,2,SI,12,0.3584116382163501,0.32671079392585767,0.3139276835634578,1776994.4166666667,7101066.4833333315
seed2,3,SI,12,0.4696045174568606,0.2426378836776406,0.6543470017379748,3150381.9166666665,8989162.799999999
seed2,4,SI,12,0.43574975925555326,0.3476505877578917,0.4018383630505232,3847004.4166666665,11295573.950000001
seed2,5,SI,12,0.3710405065003457,0.21182730751494594,0.36805464701547785,4094292.5833333335,13747157.333333334
seed2,6,SI,12,0.38872109650987546,0.32072282212377035,0.3523342866487417,4783291.833333333,16614110.849999996
seed2,7,SI,12,0.5220175773061402,0.3715423152924334,0.7152868123999692,7695667.166666667,21225895.566666666
seed2,8,SI,12,0.5327678178368837,0.4437309640896939,0.36458454723338396,13183130.833333334,28931685.98333333
seed2,9,SI,12,0.4551039857040071,0.35275240995354146,0.2717593226029027,15120095.25,38001421.88333335
seed2,10,SI,12,0.3926083338401161,0.3286006245803731,0.1817998854763532,17173796.5,48295891.95000001
seed2,11,SI,12,0.39900329203803103,0.2571790679034744,0.42505534843427795,18453022.5,59366675.78333334
seed2,12,SI,12,0.2955524222387375,0.293716424725032,0.17815477667748728,19799407.75,71245076.93333334
seed2,13,SI,12,0.2705957456757137,0.2980905605345864,0.15919324341730254,19402218.833333332,82884208.98333333
seed2,14,SI,12,0.2704694405652891,0.2611139200147818,0.13034384402798113,24661884.75,97675542.08333336
seed2,15,SI,12,0.28507668560919763,0.2319068766879861,0.12425580740235553,32076146.583333332,116914264.95
seed2,16,SI,12,0.33968288516910367,0.24383421952291365,0.46800220727147085,32459659.166666668,136388920.28333333
seed2,17,SI,12,0.4606006055284811,0.20443541317195157,0.6669602511313326,46316156.166666664,164175591.65
seed2,18,SI,12,0.2271446655808016,0.1549228365504219,0.22225174282510848,29109061.583333332,181638270.35
seed2,19,SI,12,0.3020252592545068,0.14350734240417523,0.5121751244164608,30764343.5,200095890.86666664
seed2,20,SI,12,0.12729837135360797,0.0697345990722964,0.1575456542872977,17166031.083333332,210391828.01666668
seed2,21,SI,12,0.3052325810199498,0.09892601382016405,0.5886660480142574,35839261.583333336,231884626.9666667
seed2,22,SI,12,0.35550168312628583,0.05046328808203715,0.6791673217201347,26375201.416666668,247696191.4
seed2,23,SI,12,0.505821699984092,0.0652877452333207,0.9655807340449063,63473993.25,285778650.6833334
seed2,24,SI,12,0.1387231529099147,0.0402169515219888,0.20797757623981766,20337708.916666668,297980485.20000005
seed2,25,SI,12,0.18866066731399533,0.050759456875188055,0.319867492038544,27218725.666666668,314311657.6000001
seed2,26,SI,12,0.4223808496230139,0.08276851350652925,1.0800249449018422,45142122.833333336,341395971.88333344
seed2,27,SI,12,0.5458565564828919,0.0880704278567625,1.0581684210479168,103336116.08333333,403396778.5333335
seed2,28,SI,12,0.2356512696363404,0.15880582877607846,0.23009056534965075,62075875.25,440641903.1000001
seed2,29,SI,12,0.5200637546007446,0.09718537409997115,0.9894769255457959,115412334.75,509888438.6166668
seed2,30,SI,12,0.47344985595031486,0.15155385227470225,0.9479755946595955,176949869.08333334,616057386.9
