run,source_file,round_number,si_members,sfi_members,si_population,sfi_population,si_total_contribution,sfi_total_contribution,si_avg_contribution,sfi_avg_contribution,cooperation_rate,gini_wealth
20260804_024555,results/simulation_llama3.1_8b_Full_scnldf_sh1_ldf1_seed2_26agents_30rounds_20260804_024555.json,1,0;4;6;7;14;18;19;20;21;22;24;25,1;2;3;5;8;9;10;11;12;13;15;16;17;23,12,14,30670560.0,3155610.0,2555880.0,225400.7142857143,0.3491525183084075,0.5331772523806135
20260804_024555,results/simulation_llama3.1_8b_Full_scnldf_sh1_ldf1_seed2_26agents_30rounds_20260804_024555.json,2,0;4;6;7;14;18;19;20;21;22;24;25,1;2;3;5;8;9;10;11;12;13;15;16;17;23,12,14,21323933.0,2204414.0,1776994.4166666667,157458.14285714287,0.3799480687706812,0.5525752607008183
20260804_024555,results/simulation_llama3.1_8b_Full_scnldf_sh1_ldf1_seed2_26agents_30rounds_20260804_024555.json,3,0;4;6;7;14;18;19;20;21;22;24;25,1;2;3;5;8;9;10;11;12;13;15;16;17;23,12,14,37804583.0,2069920.0,3150381.9166666665,147851.42857142858,0.44771724965708287,0.5320596792661849
20260804_024555,results/simulation_llama3.1_8b_Full_scnldf_sh1_ldf1_seed2_26agents_30rounds_20260804_024555.json,4,0;4;6;7;14;18;19;20;21;22;24;25,1;2;3;5;8;9;10;11;12;13;15;16;17;23,12,14,46164053.0,3720414.0,3847004.4166666665,265743.85714285716,0.4941807676950537,0.5397151905574737
20260804_024555,results/simulation_llama3.1_8b_Full_scnldf_sh1_ldf1_seed2_26agents_30rounds_20260804_024555.json,5,0;4;6;7;14;18;19;20;21;22;24;25,1;2;3;5;8;9;10;11;12;13;15;16;17;23,12,14,49131511.0,6838915.0,4094292.5833333335,488493.9285714286,0.4531478548383711,0.523246147151875
20260804_024555,results/simulation_llama3.1_8b_Full_scnldf_sh1_ldf1_seed2_26agents_30rounds_20260804_024555.json,6,0;4;6;7;14;18;19;20;21;22;24;25,2;1;3;5;8;9;10;11;12;13;15;16;17;23,12,14,57399502.0,5796232.0,4783291.833333333,414016.5714285714,0.3826732856112737,0.5423342661562518
20260804_024555,results/simulation_llama3.1_8b_Full_scnldf_sh1_ldf1_seed2_26agents_30rounds_20260804_024555.json,7,0;4;6;7;14;18;19;20;21;22;24;25,1;2;3;5;8;9;10;11;12;13;15;16;17;23,12,14,92348006.0,5885275.0,7695667.166666667,420376.78571428574,0.39915067472978033,0.5442672608141426
20260804_024555,results/simulation_llama3.1_8b_Full_scnldf_sh1_ldf1_seed2_26agents_30rounds_20260804_024555.json,8,0;4;6;7;14;18;19;20;21;22;24;25,1;2;3;5;8;9;10;11;12;13;15;16;17;23,12,14,158197570.0,8489341.0,13183130.833333334,606381.5,0.43573170164364133,0.535015016489991
20260804_024555,results/simulation_llama3.1_8b_Full_scnldf_sh1_ldf1_seed2_26agents_30rounds_20260804_024555.json,9,0;4;6;7;14;18;19;20;21;22;24;25,2;1;3;5;8;9;10;11;12;13;15;16;17;23,12,14,181441143.0,7325419.0,15120095.25,523244.21428571426,0.35399696765078914,0.5427099873590897
20260804_024555,results/simulation_llama3.1_8b_Full_scnldf_sh1_ldf1_seed2_26agents_30rounds_20260804_024555.json,10,0;4;6;7;14;18;19;20;21;22;24;25,1;2;3;5;8;9;10;11;12;13;15;16;17;23,12,14,206085558.0,5391785.0,17173796.5,385127.5,0.29251521644839085,0.5480738410147654
20260804_024555,results/simulation_llama3.1_8b_Full_scnldf_sh1_ldf1_seed2_26agents_30rounds_20260804_024555.json,11,0;4;6;7;14;18;19;20;21;22;24;25,2;1;3;5;8;9;10;11;12;13;15;16;17;23,12,14,221436270.0,11906082.0,18453022.5,850434.4285714285,0.4712895037576057,0.5590269137447597
20260804_024555,results/simulation_llama3.1_8b_Full_scnldf_sh1_ldf1_seed2_26agents_30rounds_20260804_024555.json,12,0;4;6;7;14;18;19;20;21;22;24;25,2;1;3;5;8;9;10;11;12;13;15;16;17;23,12,14,237592893.0,15439402.0,19799407.75,1102814.4285714286,0.41791487895093127,0.5395062601373775
20260804_024555,results/simulation_llama3.1_8b_Full_scnldf_sh1_ldf1_seed2_26agents_30rounds_20260804_024555.json,13,0;4;6;7;14;18;19;20;21;22;24;25,2;1;3;5;8;9;10;11;12;13;15;16;17;23,12,14,232826626.0,18245716.0,19402218.833333332,1303265.4285714286,0.3924997159166928,0.5481545431226538
20260804_024555,results/simulation_llama3.1_8b_Full_scnldf_sh1_ldf1_seed2_26agents_30rounds_20260804_024555.json,14,0;4;6;7;14;18;19;20;21;22;24;25,2;1;3;5;8;9;10;11;12;13;15;16;17;23,12,14,295942617.0,16546707.0,24661884.75,1181907.642857143,0.3313364130507143,0.5418786651162693
20260804_024555,results/simulation_llama3.1_8b_Full_scnldf_sh1_ldf1_seed2_26agents_30rounds_20260804_024555.json,15,0;4;6;7;14;18;19;20;21;22;24;25,2;1;3;5;8;9;10;11;12;13;15;16;17;23,12,14,384913759.0,13024492.0,32076146.583333332,930320.8571428572,0.3307684293912883,0.5350080836318243
20260804_024555,results/simulation_llama3.1_8b_Full_scnldf_sh1_ldf1_seed2_26agents_30rounds_20260804_024555.json,16,0;4;6;7;14;18;19;20;21;22;24;25,2;1;3;5;8;9;10;11;12;13;15;16;17;23,12,14,389515910.0,14258916.0,32459659.166666668,1018494.0,0.36391786735845705,0.5609169250825068
20260804_024555,results/simulation_llama3.1_8b_Full_scnldf_sh1_ldf1_seed2_26agents_30rounds_20260804_024555.json,17,0;4;6;7;14;18;19;20;21;22;24;25,1;2;3;5;8;9;10;11;12;13;15;16;17;23,12,14,555793874.0,18861658.0,46316156.166666664,1347261.2857142857,0.46095092544433197,0.5872095979684622
20260804_024555,results/simulation_llama3.1_8b_Full_scnldf_sh1_ldf1_seed2_26agents_30rounds_20260804_024555.json,18,0;4;6;7;14;18;19;20;21;22;24;25,1;2;3;5;8;9;10;11;12;13;15;16;17;23,12,14,349308739.0,6607125.0,29109061.583333332,471937.5,0.20096313767084514,0.5876577103233291
20260804_024555,results/simulation_llama3.1_8b_Full_scnldf_sh1_ldf1_seed2_26agents_30rounds_20260804_024555.json,19,0;4;6;7;14;18;19;20;21;22;24;25,2;1;3;5;8;9;10;11;12;13;15;16;17;23,12,14,369172122.0,11244781.0,30764343.5,803198.6428571428,0.24226401824659358,0.603812318411882
20260804_024555,results/simulation_llama3.1_8b_Full_scnldf_sh1_ldf1_seed2_26agents_30rounds_20260804_024555.json,20,0;4;6;7;14;18;19;20;21;22;24;25,2;1;3;5;8;9;10;11;12;13;15;16;17;23,12,14,205992373.0,32595976.0,17166031.083333332,2328284.0,0.34157875679849437,0.5951566991207848
20260804_024555,results/simulation_llama3.1_8b_Full_scnldf_sh1_ldf1_seed2_26agents_30rounds_20260804_024555.json,21,0;4;6;7;14;18;19;20;21;22;24;25,1;2;3;5;8;9;10;11;12;13;15;16;17;23,12,14,430071139.0,51724803.0,35839261.583333336,3694628.785714286,0.34062208695392704,0.5942001724494639
20260804_024555,results/simulation_llama3.1_8b_Full_scnldf_sh1_ldf1_seed2_26agents_30rounds_20260804_024555.json,22,0;4;6;7;14;18;19;20;21;22;24;25,2;1;3;5;8;9;10;11;12;13;15;16;17;23,12,14,316502417.0,28680819.0,26375201.416666668,2048629.9285714286,0.2964972760520578,0.6035991754867016
20260804_024555,results/simulation_llama3.1_8b_Full_scnldf_sh1_ldf1_seed2_26agents_30rounds_20260804_024555.json,23,0;4;6;7;14;18;19;20;21;22;24;25,1;2;3;5;8;9;10;11;12;13;15;16;17;23,12,14,761687919.0,50545345.0,63473993.25,3610381.785714286,0.4198416796217094,0.6083569420634147
20260804_024555,results/simulation_llama3.1_8b_Full_scnldf_sh1_ldf1_seed2_26agents_30rounds_20260804_024555.json,24,0;4;6;7;14;18;19;20;21;22;24;25,1;2;3;5;8;9;10;11;12;13;15;16;17;23,12,14,244052507.0,37358238.0,20337708.916666668,2668445.5714285714,0.2542993927380822,0.6074552703497427
20260804_024555,results/simulation_llama3.1_8b_Full_scnldf_sh1_ldf1_seed2_26agents_30rounds_20260804_024555.json,25,0;4;6;7;14;18;19;20;21;22;24;25,1;2;3;5;8;9;10;11;12;13;15;16;17;23,12,14,326624708.0,36156641.0,27218725.666666668,2582617.214285714,0.20197152747357633,0.6062672159415881
20260804_024555,results/simulation_llama3.1_8b_Full_scnldf_sh1_ldf1_seed2_26agents_30rounds_20260804_024555.json,26,4;0;6;7;14;18;19;20;21;22;24;25,5;2;3;1;8;9;10;11;12;13;15;16;17;23,12,14,541705474.0,64917199.0,45142122.833333336,4636942.785714285,0.35011246506245913,0.6080326803146057
20260804_024555,results/simulation_llama3.1_8b_Full_scnldf_sh1_ldf1_seed2_26agents_30rounds_20260804_024555.json,27,0;4;6;7;14;18;19;20;21;22;25;24,1;2;3;5;8;9;10;11;12;13;15;16;17;23,12,14,1240033393.0,84015799.0,103336116.08333333,6001128.5,0.5109283160005457,0.6047486310108716
20260804_024555,results/simulation_llama3.1_8b_Full_scnldf_sh1_ldf1_seed2_26agents_30rounds_20260804_024555.json,28,0;4;6;7;14;18;19;20;21;22;24;25,2;1;3;5;8;9;10;11;12;13;15;16;17;23,12,14,744910503.0,39133379.0,62075875.25,2795241.3571428573,0.20448922346803106,0.6111563476992716
20260804_024555,results/simulation_llama3.1_8b_Full_scnldf_sh1_ldf1_seed2_26agents_30rounds_20260804_024555.json,29,0;4;6;7;14;18;19;20;21;22;24;25,2;1;3;5;8;9;10;11;12;13;15;16;17;23,12,14,1384948017.0,59696690.0,115412334.75,4264049.285714285,0.3883994478852205,0.6214300832398991
20260804_024555,results/simulation_llama3.1_8b_Full_scnldf_sh1_ldf1_seed2_26agents_30rounds_20260804_024555.json,30,0;4;6;7;14;18;19;20;21;22;24;25,2;1;3;5;8;9;10;11;12;13;15;16;17;23,12,14,2123398429.0,109133379.0,176949869.08333334,7795241.357142857,0.4408299017209213,0.593214843365168
